age	job	marital	education	default	balance	housing	loan	contact	day	month	duration	campaign	pdays	previous	poutcome	deposit
59	admin.	married	secondary	no	2343	yes	no	unknown	5	may	1042	1	-1	0	unknown	yes
56	admin.	married	secondary	no	45	no	no	unknown	5	may	1467	1	-1	0	unknown	yes
41	technician	married	secondary	no	1270	yes	no	unknown	5	may	1389	1	-1	0	unknown	yes
55	services	married	secondary	no	2476	yes	no	unknown	5	may	579	1	-1	0	unknown	yes
54	admin.	married	tertiary	no	184	no	no	unknown	5	may	673	2	-1	0	unknown	yes
42	management	single	tertiary	no	0	yes	yes	unknown	5	may	562	2	-1	0	unknown	yes
56	management	married	tertiary	no	830	yes	yes	unknown	6	may	1201	1	-1	0	unknown	yes
60	retired	divorced	secondary	no	545	yes	no	unknown	6	may	1030	1	-1	0	unknown	yes
37	technician	married	secondary	no	1	yes	no	unknown	6	may	608	1	-1	0	unknown	yes
28	services	single	secondary	no	5090	yes	no	unknown	6	may	1297	3	-1	0	unknown	yes
38	admin.	single	secondary	no	100	yes	no	unknown	7	may	786	1	-1	0	unknown	yes
30	blue-collar	married	secondary	no	309	yes	no	unknown	7	may	1574	2	-1	0	unknown	yes
29	management	married	tertiary	no	199	yes	yes	unknown	7	may	1689	4	-1	0	unknown	yes
46	blue-collar	single	tertiary	no	460	yes	no	unknown	7	may	1102	2	-1	0	unknown	yes
31	technician	single	tertiary	no	703	yes	no	unknown	8	may	943	2	-1	0	unknown	yes
35	management	divorced	tertiary	no	3837	yes	no	unknown	8	may	1084	1	-1	0	unknown	yes
32	blue-collar	single	primary	no	611	yes	no	unknown	8	may	541	3	-1	0	unknown	yes
49	services	married	secondary	no	-8	yes	no	unknown	8	may	1119	1	-1	0	unknown	yes
41	admin.	married	secondary	no	55	yes	no	unknown	8	may	1120	2	-1	0	unknown	yes
49	admin.	divorced	secondary	no	168	yes	yes	unknown	8	may	513	1	-1	0	unknown	yes
28	admin.	divorced	secondary	no	785	yes	no	unknown	8	may	442	2	-1	0	unknown	yes
43	management	single	tertiary	no	2067	yes	no	unknown	8	may	756	1	-1	0	unknown	yes
43	management	divorced	tertiary	no	388	yes	no	unknown	8	may	2087	2	-1	0	unknown	yes
43	blue-collar	married	primary	no	-192	yes	no	unknown	8	may	1120	2	-1	0	unknown	yes
37	unemployed	single	secondary	no	381	yes	no	unknown	8	may	985	2	-1	0	unknown	yes
35	blue-collar	single	secondary	no	40	yes	no	unknown	9	may	617	4	-1	0	unknown	yes
31	technician	single	tertiary	no	22	yes	no	unknown	9	may	483	3	-1	0	unknown	yes
43	blue-collar	single	secondary	no	3	yes	no	unknown	9	may	929	3	-1	0	unknown	yes
31	admin.	married	secondary	no	307	yes	no	unknown	9	may	538	1	-1	0	unknown	yes
28	blue-collar	single	secondary	no	759	yes	no	unknown	9	may	710	1	-1	0	unknown	yes
32	blue-collar	married	secondary	yes	-1	yes	no	unknown	9	may	653	1	-1	0	unknown	yes
60	technician	married	primary	no	65	yes	no	unknown	9	may	1028	2	-1	0	unknown	yes
26	blue-collar	single	secondary	no	82	yes	no	unknown	9	may	654	1	-1	0	unknown	yes
40	blue-collar	married	secondary	no	10	yes	no	unknown	9	may	1692	2	-1	0	unknown	yes
33	blue-collar	divorced	primary	no	390	yes	no	unknown	9	may	665	2	-1	0	unknown	yes
32	management	single	tertiary	no	311	no	no	unknown	12	may	757	2	-1	0	unknown	yes
35	blue-collar	married	primary	no	414	no	no	unknown	13	may	504	4	-1	0	unknown	yes
33	management	divorced	secondary	no	5	yes	no	unknown	13	may	1346	1	-1	0	unknown	yes
38	management	married	tertiary	no	119	yes	no	unknown	13	may	568	4	-1	0	unknown	yes
23	entrepreneur	single	primary	no	4	yes	no	unknown	13	may	395	2	-1	0	unknown	yes
60	blue-collar	married	primary	no	1262	yes	yes	unknown	13	may	1015	1	-1	0	unknown	yes
48	management	married	tertiary	no	1949	yes	no	unknown	13	may	683	2	-1	0	unknown	yes
45	entrepreneur	divorced	tertiary	no	-395	yes	no	unknown	13	may	470	1	-1	0	unknown	yes
36	blue-collar	married	secondary	no	1165	yes	no	unknown	13	may	1001	4	-1	0	unknown	yes
52	management	married	unknown	no	2240	yes	no	unknown	13	may	845	1	-1	0	unknown	yes
35	blue-collar	divorced	primary	no	300	yes	no	unknown	13	may	945	2	-1	0	unknown	yes
43	technician	married	secondary	no	3285	yes	no	unknown	13	may	1721	2	-1	0	unknown	yes
52	housemaid	married	secondary	no	3923	yes	no	unknown	14	may	942	3	-1	0	unknown	yes
53	technician	divorced	primary	no	1443	yes	no	unknown	14	may	476	1	-1	0	unknown	yes
48	blue-collar	divorced	primary	no	24	yes	no	unknown	14	may	832	1	-1	0	unknown	yes
41	blue-collar	single	primary	no	1618	yes	no	unknown	14	may	1553	1	-1	0	unknown	yes
39	management	divorced	tertiary	no	517	yes	yes	unknown	14	may	1328	1	-1	0	unknown	yes
59	retired	married	secondary	no	1521	yes	yes	unknown	14	may	1125	2	-1	0	unknown	yes
41	blue-collar	married	secondary	no	2823	yes	no	unknown	14	may	858	1	-1	0	unknown	yes
48	blue-collar	married	secondary	no	1405	yes	no	unknown	14	may	629	2	-1	0	unknown	yes
40	admin.	married	secondary	no	1535	yes	no	unknown	14	may	704	1	-1	0	unknown	yes
48	blue-collar	married	secondary	no	1596	yes	no	unknown	14	may	760	1	-1	0	unknown	yes
60	retired	married	primary	no	1542	yes	no	unknown	14	may	930	1	-1	0	unknown	yes
40	technician	single	unknown	no	3652	yes	no	unknown	14	may	1028	2	-1	0	unknown	yes
57	technician	married	tertiary	no	-1	no	no	unknown	14	may	850	2	-1	0	unknown	yes
51	blue-collar	married	secondary	no	7180	yes	no	unknown	14	may	927	1	-1	0	unknown	yes
41	blue-collar	divorced	secondary	no	5291	yes	no	unknown	14	may	1423	3	-1	0	unknown	yes
41	blue-collar	married	secondary	no	1384	yes	no	unknown	15	may	1162	4	-1	0	unknown	yes
52	blue-collar	divorced	primary	no	-191	yes	no	unknown	15	may	755	1	-1	0	unknown	yes
59	blue-collar	married	primary	no	320	yes	no	unknown	15	may	695	1	-1	0	unknown	yes
44	blue-collar	married	unknown	no	146	yes	no	unknown	15	may	483	1	-1	0	unknown	yes
49	unknown	married	primary	no	341	yes	yes	unknown	15	may	520	2	-1	0	unknown	yes
40	services	married	primary	no	-9	yes	no	unknown	15	may	920	2	-1	0	unknown	yes
41	admin.	married	primary	no	-306	yes	no	unknown	15	may	500	1	-1	0	unknown	yes
44	technician	married	tertiary	no	4580	yes	no	unknown	15	may	911	2	-1	0	unknown	yes
60	services	single	primary	no	313	yes	no	unknown	15	may	920	2	-1	0	unknown	yes
29	management	married	tertiary	no	10576	no	no	unknown	15	may	1224	2	-1	0	unknown	yes
41	retired	divorced	primary	no	-233	yes	no	unknown	15	may	1156	2	-1	0	unknown	yes
41	blue-collar	married	primary	no	2453	yes	no	unknown	15	may	1052	1	-1	0	unknown	yes
42	technician	single	secondary	no	1364	yes	no	unknown	15	may	1867	6	-1	0	unknown	yes
36	services	single	unknown	no	281	yes	no	unknown	16	may	515	1	-1	0	unknown	yes
39	technician	married	tertiary	no	94	yes	yes	unknown	16	may	813	1	-1	0	unknown	yes
31	self-employed	single	tertiary	no	144	yes	no	unknown	16	may	676	1	-1	0	unknown	yes
26	blue-collar	married	secondary	no	246	yes	no	unknown	16	may	1143	3	-1	0	unknown	yes
31	blue-collar	married	secondary	no	92	yes	no	unknown	16	may	688	1	-1	0	unknown	yes
29	admin.	single	secondary	no	163	yes	yes	unknown	16	may	803	1	-1	0	unknown	yes
37	services	divorced	secondary	no	49	yes	no	unknown	16	may	619	2	-1	0	unknown	yes
33	blue-collar	single	secondary	no	-416	yes	no	unknown	16	may	767	2	-1	0	unknown	yes
24	technician	single	secondary	no	409	yes	no	unknown	16	may	912	1	-1	0	unknown	yes
50	admin.	divorced	secondary	no	363	yes	no	unknown	16	may	1340	1	-1	0	unknown	yes
27	technician	single	tertiary	no	3706	yes	no	unknown	16	may	897	1	-1	0	unknown	yes
54	management	single	tertiary	no	4393	yes	no	unknown	16	may	1297	3	-1	0	unknown	yes
30	technician	single	secondary	no	863	yes	no	unknown	16	may	1193	5	-1	0	unknown	yes
34	blue-collar	married	primary	no	695	yes	yes	unknown	16	may	1064	4	-1	0	unknown	yes
37	management	single	secondary	no	792	yes	no	unknown	16	may	1187	4	-1	0	unknown	yes
41	admin.	single	secondary	no	1020	yes	no	unknown	19	may	882	1	-1	0	unknown	yes
47	blue-collar	married	secondary	no	863	yes	no	unknown	19	may	943	2	-1	0	unknown	yes
31	admin.	married	secondary	no	97	yes	no	unknown	19	may	607	1	-1	0	unknown	yes
31	blue-collar	married	secondary	no	754	yes	no	unknown	19	may	1022	4	-1	0	unknown	yes
43	services	divorced	secondary	no	1040	yes	no	unknown	19	may	552	3	-1	0	unknown	yes
37	management	divorced	tertiary	no	122	yes	no	unknown	19	may	1622	2	-1	0	unknown	yes
30	technician	single	tertiary	no	880	yes	yes	unknown	19	may	967	6	-1	0	unknown	yes
41	technician	married	secondary	no	501	yes	no	unknown	19	may	579	5	-1	0	unknown	yes
36	blue-collar	married	secondary	no	4438	yes	no	unknown	20	may	446	1	-1	0	unknown	yes
35	blue-collar	divorced	secondary	no	0	yes	no	unknown	20	may	1205	1	-1	0	unknown	yes
29	services	single	secondary	no	271	yes	no	unknown	20	may	1882	2	-1	0	unknown	yes
35	blue-collar	married	primary	no	102	yes	no	unknown	20	may	1334	1	-1	0	unknown	yes
31	blue-collar	married	secondary	no	2	yes	no	unknown	20	may	182	2	-1	0	unknown	yes
35	services	married	secondary	no	4170	yes	no	unknown	20	may	1777	1	-1	0	unknown	yes
34	technician	single	secondary	no	85	yes	no	unknown	20	may	1182	4	-1	0	unknown	yes
31	admin.	single	secondary	no	431	yes	yes	unknown	20	may	1045	1	-1	0	unknown	yes
44	technician	divorced	secondary	no	982	yes	no	unknown	20	may	650	3	-1	0	unknown	yes
36	blue-collar	married	primary	no	408	yes	yes	unknown	20	may	1063	2	-1	0	unknown	yes
35	blue-collar	married	unknown	no	4822	yes	no	unknown	20	may	843	2	-1	0	unknown	yes
41	blue-collar	married	primary	no	1250	yes	no	unknown	20	may	1392	2	-1	0	unknown	yes
31	blue-collar	single	primary	no	216	yes	no	unknown	21	may	565	1	-1	0	unknown	yes
34	blue-collar	married	secondary	no	1207	yes	no	unknown	21	may	905	1	-1	0	unknown	yes
32	technician	married	secondary	no	791	yes	no	unknown	21	may	783	2	-1	0	unknown	yes
36	management	married	tertiary	no	849	yes	yes	unknown	21	may	958	2	-1	0	unknown	yes
30	blue-collar	single	secondary	yes	239	yes	no	unknown	21	may	412	1	-1	0	unknown	yes
37	technician	single	secondary	no	1211	yes	no	unknown	21	may	795	1	-1	0	unknown	yes
36	blue-collar	married	primary	no	599	yes	no	unknown	21	may	649	2	-1	0	unknown	yes
31	management	single	tertiary	no	825	yes	no	unknown	21	may	506	2	-1	0	unknown	yes
27	technician	married	secondary	no	2183	yes	yes	unknown	21	may	857	1	-1	0	unknown	yes
34	retired	married	primary	no	4499	no	no	unknown	21	may	1681	1	-1	0	unknown	yes
30	technician	single	tertiary	no	1289	yes	no	unknown	21	may	1697	2	-1	0	unknown	yes
32	technician	single	tertiary	no	4665	yes	no	unknown	21	may	860	2	-1	0	unknown	yes
37	technician	single	secondary	no	3326	yes	no	unknown	21	may	799	1	-1	0	unknown	yes
32	blue-collar	married	secondary	no	783	yes	no	unknown	21	may	923	3	-1	0	unknown	yes
33	blue-collar	married	secondary	no	0	yes	no	unknown	21	may	521	3	-1	0	unknown	yes
35	blue-collar	married	primary	no	994	yes	no	unknown	23	may	1349	8	-1	0	unknown	yes
35	self-employed	divorced	tertiary	no	1354	yes	no	unknown	23	may	736	2	-1	0	unknown	yes
30	blue-collar	single	secondary	no	239	yes	no	unknown	23	may	785	1	-1	0	unknown	yes
45	blue-collar	divorced	primary	no	-311	yes	no	unknown	23	may	1030	1	-1	0	unknown	yes
45	admin.	married	secondary	no	149	yes	no	unknown	23	may	893	3	-1	0	unknown	yes
33	blue-collar	married	secondary	no	1464	yes	no	unknown	23	may	588	3	-1	0	unknown	yes
44	management	divorced	tertiary	no	5773	no	no	unknown	23	may	597	6	-1	0	unknown	yes
40	blue-collar	married	primary	no	278	yes	no	unknown	23	may	1015	3	-1	0	unknown	yes
31	blue-collar	married	secondary	no	2910	yes	no	unknown	23	may	1392	2	-1	0	unknown	yes
30	technician	married	tertiary	no	541	yes	no	unknown	26	may	414	2	-1	0	unknown	yes
44	technician	divorced	secondary	no	1262	yes	no	unknown	26	may	788	11	-1	0	unknown	yes
34	services	married	secondary	no	-538	yes	no	unknown	26	may	682	1	-1	0	unknown	yes
37	blue-collar	married	secondary	no	125	no	no	unknown	26	may	679	2	-1	0	unknown	yes
28	self-employed	single	tertiary	no	0	yes	no	unknown	26	may	1560	2	-1	0	unknown	yes
32	admin.	single	secondary	no	620	yes	no	unknown	26	may	1234	3	-1	0	unknown	yes
37	blue-collar	divorced	secondary	no	316	yes	no	unknown	26	may	642	2	-1	0	unknown	yes
34	management	married	tertiary	no	2287	yes	no	unknown	26	may	895	4	-1	0	unknown	yes
38	admin.	divorced	secondary	no	198	yes	no	unknown	26	may	431	2	-1	0	unknown	yes
28	admin.	single	secondary	no	460	yes	no	unknown	26	may	741	6	-1	0	unknown	yes
31	management	divorced	tertiary	no	1145	yes	no	unknown	26	may	1272	4	-1	0	unknown	yes
59	services	married	secondary	no	-22	yes	no	unknown	26	may	748	3	-1	0	unknown	yes
24	blue-collar	married	secondary	no	685	yes	no	unknown	26	may	896	3	-1	0	unknown	yes
26	services	single	secondary	no	901	yes	no	unknown	26	may	764	2	-1	0	unknown	yes
59	retired	single	secondary	no	351	yes	no	unknown	27	may	1063	5	-1	0	unknown	yes
30	entrepreneur	single	primary	no	0	yes	yes	unknown	27	may	1051	1	-1	0	unknown	yes
37	admin.	married	secondary	no	274	yes	no	unknown	27	may	731	3	-1	0	unknown	yes
30	admin.	single	secondary	no	-213	yes	yes	unknown	27	may	751	1	-1	0	unknown	yes
25	blue-collar	married	secondary	no	97	yes	no	unknown	27	may	709	1	-1	0	unknown	yes
44	services	divorced	secondary	no	51	yes	yes	unknown	27	may	3094	2	-1	0	unknown	yes
29	management	married	tertiary	no	314	no	no	unknown	28	may	938	2	-1	0	unknown	yes
26	management	single	tertiary	no	6840	yes	no	unknown	28	may	1560	2	-1	0	unknown	yes
26	technician	single	secondary	no	668	yes	no	unknown	28	may	576	3	-1	0	unknown	yes
27	services	single	secondary	no	54	yes	no	unknown	28	may	543	2	-1	0	unknown	yes
25	self-employed	single	secondary	no	1242	yes	no	unknown	28	may	615	2	-1	0	unknown	yes
28	management	married	secondary	no	292	yes	no	unknown	28	may	507	1	-1	0	unknown	yes
23	services	single	secondary	no	665	yes	no	unknown	28	may	1183	1	-1	0	unknown	yes
34	management	single	tertiary	no	1058	yes	no	unknown	28	may	864	2	-1	0	unknown	yes
28	student	single	secondary	no	949	yes	no	unknown	28	may	1730	1	-1	0	unknown	yes
51	entrepreneur	married	unknown	no	606	yes	no	unknown	28	may	560	9	-1	0	unknown	yes
35	blue-collar	married	secondary	no	0	yes	yes	unknown	29	may	543	1	-1	0	unknown	yes
35	admin.	married	secondary	no	404	yes	no	unknown	29	may	539	1	-1	0	unknown	yes
56	blue-collar	married	secondary	no	249	yes	no	unknown	29	may	791	2	-1	0	unknown	yes
45	unemployed	divorced	secondary	no	3354	yes	no	unknown	29	may	746	1	-1	0	unknown	yes
60	blue-collar	divorced	secondary	no	0	yes	no	unknown	29	may	1207	1	-1	0	unknown	yes
56	technician	married	secondary	no	589	yes	no	unknown	29	may	535	2	-1	0	unknown	yes
27	management	single	tertiary	no	12956	yes	no	unknown	29	may	789	3	-1	0	unknown	yes
30	admin.	married	secondary	no	873	yes	no	unknown	29	may	792	3	-1	0	unknown	yes
45	blue-collar	divorced	primary	no	594	yes	no	unknown	29	may	833	2	-1	0	unknown	yes
29	blue-collar	single	secondary	no	-20	yes	no	unknown	29	may	814	2	-1	0	unknown	yes
38	management	divorced	tertiary	no	4692	yes	no	unknown	29	may	1363	2	-1	0	unknown	yes
30	blue-collar	married	secondary	no	486	yes	no	unknown	29	may	1109	3	-1	0	unknown	yes
44	blue-collar	single	primary	no	1593	yes	no	unknown	29	may	828	3	-1	0	unknown	yes
36	management	single	tertiary	no	7606	yes	no	unknown	30	may	917	1	-1	0	unknown	yes
38	technician	married	secondary	no	226	yes	no	unknown	30	may	762	3	-1	0	unknown	yes
36	blue-collar	single	secondary	no	366	yes	yes	unknown	30	may	1133	2	-1	0	unknown	yes
37	management	divorced	secondary	no	16	yes	no	unknown	30	may	638	1	-1	0	unknown	yes
35	management	single	tertiary	no	565	yes	no	unknown	30	may	763	1	-1	0	unknown	yes
38	admin.	divorced	secondary	no	19	yes	no	unknown	30	may	604	2	-1	0	unknown	yes
40	services	married	primary	no	1082	yes	no	unknown	30	may	854	2	-1	0	unknown	yes
42	unemployed	divorced	secondary	no	1713	yes	no	unknown	30	may	855	2	-1	0	unknown	yes
46	management	divorced	tertiary	no	14481	yes	no	unknown	30	may	1269	1	-1	0	unknown	yes
35	technician	divorced	secondary	no	5724	yes	no	unknown	30	may	691	10	-1	0	unknown	yes
34	technician	divorced	secondary	no	1451	yes	no	unknown	30	may	1097	15	-1	0	unknown	yes
32	services	married	secondary	no	-34	yes	no	unknown	30	may	1236	2	-1	0	unknown	yes
50	unemployed	married	secondary	no	3674	yes	no	unknown	30	may	886	3	-1	0	unknown	yes
35	blue-collar	married	secondary	no	698	yes	yes	unknown	30	may	1343	3	-1	0	unknown	yes
36	technician	single	secondary	no	4136	yes	no	unknown	30	may	812	3	-1	0	unknown	yes
53	blue-collar	divorced	primary	no	2656	yes	no	unknown	30	may	1980	2	-1	0	unknown	yes
46	management	single	tertiary	no	2904	yes	no	unknown	30	may	984	2	-1	0	unknown	yes
26	management	single	tertiary	no	1004	yes	no	unknown	30	may	228	2	-1	0	unknown	yes
45	technician	single	secondary	no	410	yes	no	unknown	30	may	891	4	-1	0	unknown	yes
31	unemployed	divorced	primary	no	0	yes	no	unknown	30	may	745	12	-1	0	unknown	yes
29	management	single	tertiary	no	0	yes	no	unknown	30	may	539	12	-1	0	unknown	yes
53	entrepreneur	single	secondary	no	62	yes	no	unknown	30	may	1044	5	-1	0	unknown	yes
27	blue-collar	married	primary	no	416	yes	no	unknown	30	may	1193	2	-1	0	unknown	yes
39	management	married	tertiary	no	2763	yes	no	unknown	2	jun	526	2	-1	0	unknown	yes
36	services	married	secondary	no	2984	yes	no	unknown	2	jun	394	1	-1	0	unknown	yes
41	blue-collar	married	primary	no	143	yes	yes	unknown	2	jun	659	2	-1	0	unknown	yes
36	services	married	primary	no	0	yes	no	unknown	2	jun	1036	1	-1	0	unknown	yes
32	technician	married	secondary	no	696	yes	no	unknown	2	jun	815	1	-1	0	unknown	yes
35	services	married	secondary	no	152	yes	no	unknown	2	jun	563	1	-1	0	unknown	yes
36	management	single	tertiary	no	-78	yes	no	unknown	2	jun	1068	1	-1	0	unknown	yes
35	management	married	tertiary	no	867	yes	no	unknown	2	jun	230	3	-1	0	unknown	yes
30	blue-collar	single	secondary	no	953	yes	no	unknown	2	jun	747	2	-1	0	unknown	yes
42	blue-collar	married	secondary	no	443	yes	no	unknown	2	jun	671	5	-1	0	unknown	yes
42	technician	single	secondary	yes	-1129	yes	no	unknown	2	jun	555	5	-1	0	unknown	yes
32	blue-collar	married	primary	no	415	yes	no	unknown	2	jun	777	4	-1	0	unknown	yes
29	blue-collar	single	secondary	no	260	yes	no	unknown	2	jun	707	14	-1	0	unknown	yes
44	management	divorced	tertiary	yes	-411	yes	no	unknown	2	jun	432	4	-1	0	unknown	yes
32	technician	single	secondary	no	1279	yes	no	unknown	3	jun	1173	3	-1	0	unknown	yes
31	unemployed	married	secondary	no	86	yes	yes	unknown	3	jun	963	2	-1	0	unknown	yes
40	self-employed	married	secondary	yes	-754	yes	yes	unknown	3	jun	941	3	-1	0	unknown	yes
43	entrepreneur	married	secondary	no	0	no	no	unknown	3	jun	1025	7	-1	0	unknown	yes
27	management	single	secondary	no	178	yes	no	unknown	3	jun	732	2	-1	0	unknown	yes
37	services	single	secondary	no	278	yes	no	unknown	3	jun	1045	3	-1	0	unknown	yes
23	services	single	secondary	no	425	yes	no	unknown	3	jun	768	1	-1	0	unknown	yes
25	management	married	primary	no	168	yes	no	unknown	3	jun	801	1	-1	0	unknown	yes
26	blue-collar	single	secondary	yes	-36	yes	no	unknown	3	jun	482	2	-1	0	unknown	yes
47	blue-collar	divorced	primary	no	126	yes	no	unknown	3	jun	2456	2	-1	0	unknown	yes
35	admin.	married	secondary	no	-87	yes	no	unknown	3	jun	1363	7	-1	0	unknown	yes
32	technician	single	tertiary	no	6281	yes	no	unknown	3	jun	1336	4	-1	0	unknown	yes
45	management	divorced	secondary	no	644	yes	no	unknown	4	jun	633	1	-1	0	unknown	yes
30	admin.	divorced	secondary	no	377	yes	no	unknown	4	jun	524	15	-1	0	unknown	yes
29	services	single	secondary	no	-271	yes	no	unknown	4	jun	578	1	-1	0	unknown	yes
38	blue-collar	married	primary	no	5839	yes	no	unknown	4	jun	984	2	-1	0	unknown	yes
23	blue-collar	single	secondary	no	492	yes	no	unknown	4	jun	638	1	-1	0	unknown	yes
27	management	single	tertiary	no	99	yes	no	unknown	4	jun	767	2	-1	0	unknown	yes
27	management	single	tertiary	yes	-713	yes	no	unknown	4	jun	525	2	-1	0	unknown	yes
29	services	single	secondary	no	32	yes	no	unknown	4	jun	563	1	-1	0	unknown	yes
30	self-employed	married	tertiary	no	543	yes	yes	unknown	4	jun	1449	6	-1	0	unknown	yes
36	blue-collar	married	primary	no	403	yes	no	unknown	4	jun	920	1	-1	0	unknown	yes
35	admin.	divorced	secondary	no	437	yes	no	unknown	4	jun	908	1	-1	0	unknown	yes
36	blue-collar	married	secondary	no	1772	no	no	unknown	5	jun	208	1	-1	0	unknown	yes
59	retired	divorced	primary	no	-88	yes	no	unknown	5	jun	910	2	-1	0	unknown	yes
47	entrepreneur	married	secondary	no	0	no	no	unknown	5	jun	1446	1	-1	0	unknown	yes
58	entrepreneur	married	tertiary	no	853	no	no	unknown	5	jun	1149	2	-1	0	unknown	yes
37	management	single	tertiary	no	240	no	no	unknown	5	jun	1123	1	-1	0	unknown	yes
46	admin.	single	secondary	no	849	yes	no	unknown	5	jun	508	2	-1	0	unknown	yes
43	blue-collar	single	secondary	no	318	yes	no	unknown	5	jun	736	2	-1	0	unknown	yes
27	management	single	tertiary	no	703	yes	no	unknown	5	jun	590	3	-1	0	unknown	yes
38	services	divorced	secondary	no	61	no	no	unknown	5	jun	636	1	-1	0	unknown	yes
53	housemaid	married	primary	no	104	no	yes	unknown	5	jun	701	1	-1	0	unknown	yes
47	blue-collar	married	secondary	no	1996	no	no	unknown	5	jun	761	2	-1	0	unknown	yes
56	housemaid	divorced	primary	yes	1238	no	no	unknown	5	jun	1558	1	-1	0	unknown	yes
41	housemaid	married	secondary	no	879	no	no	unknown	5	jun	1053	2	-1	0	unknown	yes
29	self-employed	married	secondary	no	425	yes	no	unknown	5	jun	562	15	-1	0	unknown	yes
50	technician	married	secondary	no	416	yes	no	unknown	5	jun	494	5	-1	0	unknown	yes
45	blue-collar	divorced	primary	no	844	no	no	unknown	5	jun	1018	3	-1	0	unknown	yes
35	blue-collar	married	secondary	no	860	yes	no	unknown	5	jun	884	4	-1	0	unknown	yes
26	technician	single	secondary	no	639	yes	no	unknown	6	jun	709	5	-1	0	unknown	yes
26	admin.	married	secondary	no	710	yes	yes	unknown	6	jun	1276	2	-1	0	unknown	yes
37	blue-collar	married	unknown	no	1508	no	yes	unknown	6	jun	381	2	-1	0	unknown	yes
30	admin.	single	secondary	no	223	yes	no	unknown	6	jun	862	11	-1	0	unknown	yes
38	management	single	tertiary	no	619	yes	no	unknown	6	jun	460	4	-1	0	unknown	yes
37	services	divorced	secondary	no	319	yes	no	unknown	6	jun	467	3	-1	0	unknown	yes
53	technician	married	secondary	no	480	no	no	unknown	6	jun	648	2	-1	0	unknown	yes
29	blue-collar	single	primary	no	213	yes	no	unknown	6	jun	2653	3	-1	0	unknown	yes
35	management	single	tertiary	no	68	no	no	unknown	6	jun	1085	1	-1	0	unknown	yes
28	blue-collar	married	secondary	no	2788	yes	no	unknown	6	jun	369	2	-1	0	unknown	yes
55	blue-collar	married	unknown	no	7561	no	no	unknown	6	jun	685	3	-1	0	unknown	yes
49	management	divorced	secondary	no	-46	yes	no	unknown	9	jun	1055	10	-1	0	unknown	yes
50	services	married	secondary	no	1595	no	no	unknown	9	jun	882	1	-1	0	unknown	yes
43	management	single	tertiary	no	1046	no	no	unknown	9	jun	901	1	-1	0	unknown	yes
58	self-employed	divorced	tertiary	no	1382	no	no	unknown	9	jun	700	1	-1	0	unknown	yes
38	technician	married	primary	no	217	yes	no	unknown	9	jun	491	6	-1	0	unknown	yes
48	blue-collar	divorced	primary	no	183	no	no	unknown	9	jun	940	1	-1	0	unknown	yes
59	management	married	secondary	no	1321	no	no	unknown	9	jun	3881	3	-1	0	unknown	yes
58	blue-collar	married	secondary	no	25	no	no	unknown	9	jun	486	3	-1	0	unknown	yes
36	self-employed	single	tertiary	no	4844	no	no	unknown	9	jun	1137	3	-1	0	unknown	yes
42	entrepreneur	married	tertiary	no	5345	no	no	unknown	11	jun	878	3	-1	0	unknown	yes
41	admin.	single	secondary	no	812	no	yes	unknown	11	jun	583	4	-1	0	unknown	yes
42	admin.	married	secondary	no	105	no	no	unknown	11	jun	1159	4	-1	0	unknown	yes
39	management	married	tertiary	no	-190	no	yes	unknown	11	jun	893	8	-1	0	unknown	yes
57	housemaid	married	primary	no	625	no	yes	unknown	11	jun	867	1	-1	0	unknown	yes
52	retired	married	unknown	no	293	no	no	unknown	11	jun	706	1	-1	0	unknown	yes
59	retired	married	unknown	no	1033	no	no	unknown	11	jun	1199	1	-1	0	unknown	yes
56	blue-collar	married	secondary	no	1210	no	no	unknown	11	jun	935	1	-1	0	unknown	yes
49	management	married	tertiary	no	64	no	no	unknown	11	jun	586	1	-1	0	unknown	yes
35	blue-collar	divorced	unknown	no	164	no	no	unknown	11	jun	967	2	-1	0	unknown	yes
36	unemployed	married	secondary	no	1766	no	no	unknown	11	jun	595	2	-1	0	unknown	yes
40	admin.	single	tertiary	no	1248	no	no	unknown	11	jun	1290	2	-1	0	unknown	yes
55	blue-collar	married	secondary	no	0	no	no	unknown	12	jun	614	2	-1	0	unknown	yes
58	admin.	married	secondary	no	826	no	no	unknown	12	jun	885	1	-1	0	unknown	yes
39	self-employed	married	tertiary	no	2630	no	no	unknown	12	jun	651	5	-1	0	unknown	yes
47	housemaid	single	tertiary	no	3727	no	no	unknown	12	jun	993	6	-1	0	unknown	yes
40	management	married	secondary	no	406	yes	no	unknown	12	jun	577	2	-1	0	unknown	yes
35	blue-collar	married	tertiary	no	2999	no	no	unknown	12	jun	1141	6	-1	0	unknown	yes
48	blue-collar	married	secondary	no	1000	yes	no	unknown	12	jun	1268	2	-1	0	unknown	yes
48	management	divorced	tertiary	no	503	no	yes	unknown	12	jun	1243	7	-1	0	unknown	yes
24	blue-collar	single	secondary	yes	-203	yes	no	unknown	12	jun	465	3	-1	0	unknown	yes
49	blue-collar	married	primary	no	361	yes	no	unknown	16	jun	513	2	-1	0	unknown	yes
36	blue-collar	married	secondary	no	274	yes	no	unknown	16	jun	686	11	-1	0	unknown	yes
52	retired	divorced	tertiary	no	3687	yes	yes	unknown	16	jun	741	4	-1	0	unknown	yes
42	entrepreneur	single	unknown	no	323	no	no	unknown	16	jun	617	1	-1	0	unknown	yes
36	services	married	secondary	no	981	no	no	unknown	16	jun	1093	1	-1	0	unknown	yes
36	blue-collar	divorced	secondary	no	638	yes	no	unknown	16	jun	1395	2	-1	0	unknown	yes
48	unemployed	single	tertiary	no	3229	no	no	unknown	16	jun	1089	1	-1	0	unknown	yes
51	management	single	secondary	no	1610	yes	no	unknown	16	jun	1248	3	-1	0	unknown	yes
51	blue-collar	married	secondary	no	33	no	yes	unknown	16	jun	721	3	-1	0	unknown	yes
46	technician	married	secondary	no	536	yes	no	unknown	16	jun	750	2	-1	0	unknown	yes
37	management	married	tertiary	no	0	no	no	unknown	16	jun	637	6	-1	0	unknown	yes
36	entrepreneur	married	tertiary	no	3057	no	no	unknown	16	jun	2769	4	-1	0	unknown	yes
47	management	married	secondary	no	2892	no	no	unknown	17	jun	556	1	-1	0	unknown	yes
40	technician	divorced	tertiary	no	0	no	no	unknown	17	jun	522	1	-1	0	unknown	yes
38	student	single	tertiary	no	3316	no	no	unknown	17	jun	1345	3	-1	0	unknown	yes
40	management	married	secondary	no	106	no	no	unknown	17	jun	676	2	-1	0	unknown	yes
39	blue-collar	married	primary	no	2303	yes	no	unknown	17	jun	775	3	-1	0	unknown	yes
60	management	married	tertiary	no	3301	no	no	unknown	17	jun	2621	3	-1	0	unknown	yes
39	self-employed	single	tertiary	no	426	no	no	unknown	18	jun	1029	1	-1	0	unknown	yes
51	services	divorced	secondary	no	9	no	no	unknown	18	jun	371	2	-1	0	unknown	yes
27	admin.	married	secondary	no	-97	yes	no	unknown	18	jun	1528	2	-1	0	unknown	yes
41	management	single	tertiary	no	11008	no	no	unknown	18	jun	1540	1	-1	0	unknown	yes
42	blue-collar	single	primary	no	4930	no	no	unknown	18	jun	973	1	-1	0	unknown	yes
41	entrepreneur	married	secondary	no	707	no	no	unknown	18	jun	707	1	-1	0	unknown	yes
33	technician	married	secondary	no	4	yes	yes	unknown	18	jun	625	2	-1	0	unknown	yes
46	admin.	married	secondary	no	126	no	no	unknown	18	jun	1255	1	-1	0	unknown	yes
31	blue-collar	married	secondary	no	671	yes	no	unknown	18	jun	704	4	-1	0	unknown	yes
41	blue-collar	married	primary	no	219	no	yes	unknown	18	jun	1574	3	-1	0	unknown	yes
41	blue-collar	divorced	secondary	no	3622	no	no	unknown	19	jun	1135	4	-1	0	unknown	yes
55	retired	divorced	secondary	no	1580	no	yes	unknown	19	jun	1007	1	-1	0	unknown	yes
53	technician	married	secondary	no	1319	no	no	unknown	19	jun	1318	3	-1	0	unknown	yes
55	housemaid	married	primary	no	2152	no	no	unknown	19	jun	922	2	-1	0	unknown	yes
39	services	married	secondary	no	2843	yes	no	unknown	19	jun	585	1	-1	0	unknown	yes
40	entrepreneur	married	tertiary	yes	0	no	no	unknown	19	jun	952	4	-1	0	unknown	yes
59	retired	married	primary	no	1115	no	no	unknown	19	jun	834	1	-1	0	unknown	yes
42	blue-collar	single	secondary	no	625	no	no	unknown	19	jun	651	3	-1	0	unknown	yes
41	blue-collar	married	primary	no	246	no	no	unknown	19	jun	683	3	-1	0	unknown	yes
27	blue-collar	married	secondary	no	61	yes	no	unknown	19	jun	1012	1	-1	0	unknown	yes
25	blue-collar	single	secondary	no	-191	yes	no	unknown	19	jun	958	7	-1	0	unknown	yes
43	unemployed	married	primary	no	519	no	no	unknown	20	jun	973	2	-1	0	unknown	yes
44	services	married	secondary	no	522	no	yes	unknown	20	jun	911	1	-1	0	unknown	yes
26	blue-collar	single	secondary	no	-46	yes	no	unknown	20	jun	382	7	-1	0	unknown	yes
52	retired	married	tertiary	no	2269	no	no	unknown	20	jun	1210	1	-1	0	unknown	yes
54	services	married	unknown	no	386	no	yes	unknown	20	jun	838	1	-1	0	unknown	yes
56	management	married	tertiary	no	0	no	yes	unknown	20	jun	422	1	-1	0	unknown	yes
57	management	married	tertiary	no	9103	no	yes	unknown	20	jun	1098	2	-1	0	unknown	yes
29	blue-collar	single	secondary	no	908	yes	no	unknown	20	jun	1663	1	-1	0	unknown	yes
47	technician	married	tertiary	no	1694	no	yes	unknown	20	jun	560	3	-1	0	unknown	yes
57	management	married	tertiary	no	-92	yes	yes	unknown	20	jun	1617	1	-1	0	unknown	yes
40	blue-collar	married	secondary	no	188	yes	yes	unknown	20	jun	570	2	-1	0	unknown	yes
46	services	divorced	secondary	no	0	no	no	unknown	20	jun	1023	3	-1	0	unknown	yes
43	blue-collar	single	secondary	no	740	yes	no	unknown	20	jun	585	2	-1	0	unknown	yes
45	management	married	tertiary	no	655	no	no	unknown	20	jun	693	3	-1	0	unknown	yes
24	management	married	secondary	no	867	yes	no	unknown	20	jun	546	10	-1	0	unknown	yes
40	blue-collar	married	secondary	no	1009	yes	yes	unknown	20	jun	1036	5	-1	0	unknown	yes
38	services	divorced	unknown	no	6360	no	no	unknown	20	jun	1409	2	-1	0	unknown	yes
36	unemployed	married	tertiary	no	4145	no	no	unknown	20	jun	988	4	-1	0	unknown	yes
27	blue-collar	single	secondary	yes	-27	no	no	unknown	23	jun	498	2	-1	0	unknown	yes
26	admin.	single	primary	no	-122	yes	no	unknown	23	jun	670	3	-1	0	unknown	yes
43	management	married	tertiary	no	149	yes	no	unknown	23	jun	662	2	-1	0	unknown	yes
25	blue-collar	single	primary	no	52	yes	no	unknown	24	jun	528	2	-1	0	unknown	yes
27	blue-collar	married	tertiary	no	335	yes	no	unknown	26	jun	519	3	-1	0	unknown	yes
30	technician	married	tertiary	no	526	yes	yes	unknown	26	jun	677	3	-1	0	unknown	yes
28	admin.	single	secondary	no	-7	no	yes	unknown	26	jun	3183	2	-1	0	unknown	yes
27	blue-collar	married	primary	no	-413	no	yes	unknown	27	jun	422	6	-1	0	unknown	yes
32	admin.	divorced	secondary	no	-241	no	yes	unknown	27	jun	856	2	-1	0	unknown	yes
41	blue-collar	single	secondary	no	75	yes	no	unknown	1	jul	479	9	-1	0	unknown	yes
37	technician	single	tertiary	no	0	no	no	unknown	1	jul	1135	2	-1	0	unknown	yes
27	technician	single	secondary	no	158	no	no	unknown	1	jul	650	2	-1	0	unknown	yes
29	services	single	secondary	no	84	no	yes	unknown	3	jul	587	3	-1	0	unknown	yes
33	services	married	secondary	no	114	no	yes	unknown	3	jul	676	1	-1	0	unknown	yes
36	technician	married	primary	no	0	no	no	unknown	4	jul	584	1	-1	0	unknown	yes
28	blue-collar	single	secondary	no	-127	yes	no	cellular	4	jul	1044	3	-1	0	unknown	yes
55	blue-collar	married	secondary	no	49	yes	no	cellular	7	jul	494	4	-1	0	unknown	yes
51	technician	married	secondary	no	216	no	no	cellular	7	jul	615	2	-1	0	unknown	yes
39	technician	single	secondary	no	506	yes	no	cellular	7	jul	718	2	-1	0	unknown	yes
42	blue-collar	divorced	primary	no	213	yes	no	cellular	7	jul	434	3	-1	0	unknown	yes
33	services	single	secondary	no	170	no	no	cellular	7	jul	782	1	-1	0	unknown	yes
36	entrepreneur	divorced	tertiary	no	776	no	yes	cellular	7	jul	722	3	-1	0	unknown	yes
45	technician	married	secondary	no	879	no	no	cellular	7	jul	621	2	-1	0	unknown	yes
37	self-employed	married	secondary	no	1633	no	no	cellular	7	jul	629	2	-1	0	unknown	yes
46	unemployed	married	secondary	no	926	no	no	cellular	7	jul	385	5	-1	0	unknown	yes
32	self-employed	single	tertiary	no	2559	no	no	cellular	7	jul	889	1	-1	0	unknown	yes
28	technician	single	secondary	no	909	no	yes	cellular	7	jul	532	1	-1	0	unknown	yes
45	admin.	divorced	secondary	no	-176	no	yes	cellular	7	jul	574	1	-1	0	unknown	yes
41	blue-collar	single	secondary	yes	1085	yes	yes	cellular	7	jul	599	1	-1	0	unknown	yes
59	blue-collar	divorced	primary	no	1265	no	yes	cellular	7	jul	849	1	-1	0	unknown	yes
47	technician	single	secondary	no	-239	yes	yes	cellular	7	jul	973	3	-1	0	unknown	yes
31	blue-collar	single	secondary	no	726	no	no	cellular	7	jul	719	2	-1	0	unknown	yes
31	management	single	tertiary	no	296	no	yes	cellular	8	jul	509	4	-1	0	unknown	yes
33	entrepreneur	married	secondary	no	-627	yes	yes	cellular	8	jul	740	1	-1	0	unknown	yes
52	entrepreneur	married	tertiary	yes	-468	no	no	cellular	8	jul	534	1	-1	0	unknown	yes
26	self-employed	single	secondary	no	551	no	no	cellular	8	jul	531	1	-1	0	unknown	yes
25	technician	single	secondary	no	0	no	yes	cellular	8	jul	634	1	-1	0	unknown	yes
25	blue-collar	married	secondary	no	101	no	yes	cellular	8	jul	460	3	-1	0	unknown	yes
28	blue-collar	single	secondary	no	517	no	yes	cellular	8	jul	681	1	-1	0	unknown	yes
33	entrepreneur	divorced	tertiary	no	37	no	yes	cellular	8	jul	1082	1	-1	0	unknown	yes
45	management	divorced	tertiary	no	854	no	yes	cellular	8	jul	730	1	-1	0	unknown	yes
36	services	married	secondary	no	30	no	yes	cellular	8	jul	716	5	-1	0	unknown	yes
26	blue-collar	single	secondary	yes	81	no	yes	cellular	8	jul	803	2	-1	0	unknown	yes
38	technician	married	secondary	no	0	no	no	cellular	8	jul	635	1	-1	0	unknown	yes
56	blue-collar	single	secondary	no	663	no	yes	cellular	8	jul	819	3	-1	0	unknown	yes
26	admin.	single	secondary	no	102	no	yes	cellular	8	jul	658	2	-1	0	unknown	yes
26	technician	married	secondary	no	370	no	yes	cellular	8	jul	1061	4	-1	0	unknown	yes
25	blue-collar	single	secondary	no	189	no	yes	cellular	8	jul	687	2	-1	0	unknown	yes
26	unemployed	single	secondary	no	111	no	no	cellular	9	jul	537	1	-1	0	unknown	yes
40	blue-collar	married	primary	no	665	yes	no	cellular	9	jul	781	1	-1	0	unknown	yes
37	admin.	married	primary	no	214	yes	no	cellular	9	jul	645	1	-1	0	unknown	yes
43	blue-collar	single	primary	no	0	no	no	cellular	9	jul	1242	1	-1	0	unknown	yes
41	services	divorced	tertiary	no	1583	yes	no	cellular	9	jul	662	1	-1	0	unknown	yes
49	blue-collar	married	secondary	no	0	no	yes	cellular	9	jul	625	1	-1	0	unknown	yes
29	admin.	divorced	tertiary	yes	0	no	yes	cellular	9	jul	426	3	-1	0	unknown	yes
39	services	divorced	secondary	no	687	yes	no	cellular	9	jul	869	1	-1	0	unknown	yes
38	management	married	tertiary	yes	327	yes	yes	cellular	9	jul	556	5	-1	0	unknown	yes
26	technician	married	secondary	no	-119	no	yes	cellular	9	jul	359	5	-1	0	unknown	yes
32	management	married	tertiary	no	794	yes	yes	cellular	9	jul	1014	1	-1	0	unknown	yes
33	blue-collar	married	primary	no	-191	yes	yes	cellular	9	jul	1290	4	-1	0	unknown	yes
31	management	single	tertiary	no	409	no	yes	cellular	9	jul	564	5	-1	0	unknown	yes
49	blue-collar	married	primary	no	3	no	yes	cellular	9	jul	1439	6	-1	0	unknown	yes
27	unemployed	single	primary	no	9	no	yes	cellular	9	jul	919	2	-1	0	unknown	yes
30	blue-collar	single	secondary	no	155	yes	yes	cellular	9	jul	1426	3	-1	0	unknown	yes
35	blue-collar	married	secondary	no	1330	no	no	cellular	10	jul	901	1	-1	0	unknown	yes
26	blue-collar	single	secondary	no	-29	yes	no	cellular	10	jul	998	4	-1	0	unknown	yes
45	entrepreneur	married	unknown	no	3133	yes	yes	cellular	10	jul	804	1	-1	0	unknown	yes
34	admin.	married	secondary	no	-33	yes	yes	cellular	10	jul	961	1	-1	0	unknown	yes
28	admin.	single	secondary	no	-170	no	yes	cellular	10	jul	720	2	-1	0	unknown	yes
25	blue-collar	single	secondary	no	1243	no	yes	cellular	10	jul	1341	7	-1	0	unknown	yes
30	blue-collar	single	secondary	no	1598	yes	no	cellular	10	jul	634	1	-1	0	unknown	yes
30	services	married	secondary	no	5	no	yes	cellular	10	jul	829	5	-1	0	unknown	yes
47	services	married	secondary	no	367	yes	no	cellular	10	jul	476	4	-1	0	unknown	yes
57	admin.	divorced	secondary	no	658	no	no	cellular	10	jul	724	1	-1	0	unknown	yes
38	management	married	tertiary	no	1722	yes	no	cellular	10	jul	500	1	-1	0	unknown	yes
54	technician	married	secondary	no	-315	no	yes	cellular	10	jul	2029	1	-1	0	unknown	yes
25	blue-collar	single	primary	no	2483	no	no	cellular	10	jul	1499	3	-1	0	unknown	yes
30	blue-collar	married	secondary	no	0	yes	yes	cellular	10	jul	1399	1	-1	0	unknown	yes
26	management	single	tertiary	no	45	no	no	cellular	10	jul	1187	3	-1	0	unknown	yes
31	student	married	primary	no	46	yes	no	cellular	10	jul	487	1	-1	0	unknown	yes
29	blue-collar	single	secondary	no	482	no	yes	cellular	10	jul	1097	3	-1	0	unknown	yes
49	blue-collar	married	secondary	no	3728	yes	no	cellular	11	jul	1060	2	-1	0	unknown	yes
60	retired	divorced	secondary	no	1099	no	no	cellular	11	jul	764	2	-1	0	unknown	yes
60	management	married	tertiary	no	2222	yes	no	cellular	11	jul	1120	2	-1	0	unknown	yes
29	management	single	tertiary	no	983	yes	no	cellular	11	jul	963	2	-1	0	unknown	yes
55	management	divorced	secondary	no	204	yes	no	cellular	11	jul	1973	2	-1	0	unknown	yes
44	admin.	married	secondary	no	1074	yes	no	cellular	11	jul	911	2	-1	0	unknown	yes
47	technician	married	secondary	no	3466	yes	no	cellular	11	jul	853	2	-1	0	unknown	yes
35	admin.	married	secondary	no	-203	yes	no	cellular	11	jul	1649	2	-1	0	unknown	yes
35	entrepreneur	married	secondary	no	2436	no	yes	cellular	14	jul	1397	3	-1	0	unknown	yes
38	technician	married	secondary	no	976	yes	no	cellular	14	jul	766	3	-1	0	unknown	yes
34	entrepreneur	married	tertiary	no	146	yes	no	cellular	14	jul	788	2	-1	0	unknown	yes
50	technician	married	secondary	no	156	no	yes	cellular	14	jul	1130	3	-1	0	unknown	yes
43	admin.	married	tertiary	no	189	yes	no	cellular	14	jul	1062	4	-1	0	unknown	yes
44	admin.	divorced	secondary	no	163	yes	no	cellular	14	jul	1669	2	-1	0	unknown	yes
51	services	divorced	secondary	no	242	no	yes	cellular	14	jul	1336	4	-1	0	unknown	yes
31	technician	married	secondary	no	1173	yes	no	cellular	14	jul	444	3	-1	0	unknown	yes
39	technician	married	tertiary	no	0	yes	no	cellular	14	jul	894	7	-1	0	unknown	yes
59	management	married	tertiary	no	296	no	yes	cellular	15	jul	805	3	-1	0	unknown	yes
25	services	single	secondary	no	333	no	yes	cellular	15	jul	1056	2	-1	0	unknown	yes
58	management	married	tertiary	no	3864	yes	no	cellular	15	jul	815	4	-1	0	unknown	yes
30	entrepreneur	married	primary	no	2686	yes	no	cellular	15	jul	808	3	-1	0	unknown	yes
34	blue-collar	single	primary	no	-109	yes	no	cellular	15	jul	860	4	-1	0	unknown	yes
51	services	divorced	secondary	no	65	no	yes	cellular	15	jul	881	1	-1	0	unknown	yes
60	retired	married	secondary	no	597	no	no	cellular	15	jul	981	1	-1	0	unknown	yes
51	entrepreneur	married	secondary	no	-799	no	yes	cellular	15	jul	1001	3	-1	0	unknown	yes
37	management	divorced	tertiary	no	1775	no	no	cellular	15	jul	514	5	-1	0	unknown	yes
30	blue-collar	single	primary	no	0	no	no	cellular	15	jul	716	3	-1	0	unknown	yes
46	entrepreneur	divorced	secondary	no	-563	no	yes	cellular	15	jul	769	4	-1	0	unknown	yes
29	student	single	tertiary	no	5	no	no	cellular	15	jul	889	5	-1	0	unknown	yes
27	entrepreneur	married	tertiary	no	139	no	no	cellular	15	jul	448	5	-1	0	unknown	yes
28	management	single	tertiary	no	0	yes	no	cellular	16	jul	767	5	-1	0	unknown	yes
34	blue-collar	single	secondary	no	855	yes	no	cellular	16	jul	578	1	-1	0	unknown	yes
29	blue-collar	single	unknown	no	694	yes	yes	cellular	16	jul	1806	4	-1	0	unknown	yes
27	management	single	tertiary	no	151	yes	no	cellular	16	jul	496	1	-1	0	unknown	yes
26	technician	single	secondary	no	354	no	no	cellular	16	jul	586	1	-1	0	unknown	yes
36	management	married	tertiary	no	673	yes	no	cellular	16	jul	689	1	-1	0	unknown	yes
44	blue-collar	married	primary	no	1265	yes	no	cellular	16	jul	555	1	-1	0	unknown	yes
39	blue-collar	married	tertiary	no	597	no	no	cellular	16	jul	686	6	-1	0	unknown	yes
30	technician	married	secondary	no	-393	yes	yes	cellular	16	jul	435	1	-1	0	unknown	yes
31	unemployed	divorced	tertiary	no	256	yes	no	cellular	16	jul	873	2	-1	0	unknown	yes
56	blue-collar	married	primary	no	0	yes	no	cellular	16	jul	1222	1	-1	0	unknown	yes
29	blue-collar	married	secondary	no	2870	yes	no	cellular	16	jul	988	1	-1	0	unknown	yes
43	blue-collar	married	secondary	no	184	no	yes	cellular	16	jul	1019	11	-1	0	unknown	yes
32	blue-collar	married	secondary	no	1905	yes	no	cellular	16	jul	709	2	-1	0	unknown	yes
30	admin.	single	secondary	no	-36	no	no	cellular	16	jul	561	9	-1	0	unknown	yes
40	blue-collar	married	secondary	no	-839	yes	yes	cellular	16	jul	1018	2	-1	0	unknown	yes
42	services	married	secondary	no	3465	yes	yes	cellular	16	jul	1039	2	-1	0	unknown	yes
27	student	married	secondary	no	119	yes	no	cellular	16	jul	781	2	-1	0	unknown	yes
35	management	married	tertiary	no	36	no	yes	cellular	16	jul	1656	5	-1	0	unknown	yes
35	housemaid	married	primary	no	113	yes	no	cellular	17	jul	923	2	-1	0	unknown	yes
32	blue-collar	single	secondary	no	118	yes	no	cellular	17	jul	1275	1	-1	0	unknown	yes
39	technician	married	secondary	no	251	yes	no	cellular	17	jul	342	2	-1	0	unknown	yes
31	blue-collar	divorced	secondary	no	-277	yes	no	telephone	17	jul	1008	2	-1	0	unknown	yes
26	services	single	secondary	no	-189	no	yes	cellular	17	jul	538	2	-1	0	unknown	yes
42	management	married	tertiary	no	4	yes	no	cellular	17	jul	795	1	-1	0	unknown	yes
27	services	single	secondary	no	1820	yes	no	cellular	17	jul	1027	1	-1	0	unknown	yes
33	self-employed	divorced	secondary	no	1904	yes	no	cellular	17	jul	1584	2	-1	0	unknown	yes
51	blue-collar	married	primary	no	201	yes	no	cellular	17	jul	582	2	-1	0	unknown	yes
33	admin.	married	secondary	no	0	yes	no	telephone	17	jul	1448	7	-1	0	unknown	yes
30	technician	single	tertiary	no	178	no	no	cellular	17	jul	656	3	-1	0	unknown	yes
52	housemaid	married	primary	no	3798	yes	no	cellular	17	jul	1208	1	-1	0	unknown	yes
42	blue-collar	divorced	primary	no	301	yes	no	cellular	17	jul	1175	2	-1	0	unknown	yes
31	management	divorced	tertiary	no	294	yes	no	cellular	17	jul	536	5	-1	0	unknown	yes
27	services	married	secondary	no	0	yes	no	cellular	17	jul	991	5	-1	0	unknown	yes
44	blue-collar	single	secondary	no	292	no	yes	cellular	17	jul	1153	4	-1	0	unknown	yes
40	entrepreneur	divorced	secondary	no	2998	yes	no	cellular	18	jul	623	3	-1	0	unknown	yes
46	housemaid	divorced	primary	no	2084	yes	no	cellular	18	jul	1081	2	-1	0	unknown	yes
32	services	divorced	secondary	no	454	yes	no	cellular	18	jul	978	1	-1	0	unknown	yes
56	technician	divorced	secondary	no	179	no	no	cellular	18	jul	536	1	-1	0	unknown	yes
33	blue-collar	married	secondary	no	661	yes	no	cellular	18	jul	968	1	-1	0	unknown	yes
33	blue-collar	married	secondary	no	89	yes	no	cellular	18	jul	278	2	-1	0	unknown	yes
32	self-employed	married	primary	no	102	yes	no	cellular	18	jul	560	1	-1	0	unknown	yes
41	blue-collar	divorced	primary	no	138	yes	no	cellular	18	jul	640	3	-1	0	unknown	yes
31	admin.	single	secondary	no	622	no	no	cellular	18	jul	420	1	-1	0	unknown	yes
30	admin.	divorced	secondary	no	10	yes	no	cellular	18	jul	658	2	-1	0	unknown	yes
34	admin.	divorced	secondary	no	-251	no	no	cellular	18	jul	641	1	-1	0	unknown	yes
43	entrepreneur	married	secondary	no	104	yes	no	cellular	18	jul	635	3	-1	0	unknown	yes
28	blue-collar	married	secondary	no	173	no	no	cellular	18	jul	588	7	-1	0	unknown	yes
32	admin.	divorced	secondary	no	-46	no	yes	cellular	18	jul	1373	4	-1	0	unknown	yes
31	blue-collar	divorced	secondary	no	0	yes	yes	cellular	18	jul	913	4	-1	0	unknown	yes
35	entrepreneur	single	tertiary	no	145	yes	no	cellular	18	jul	799	2	-1	0	unknown	yes
31	management	married	tertiary	no	325	yes	no	cellular	18	jul	1139	2	-1	0	unknown	yes
25	services	single	secondary	no	2311	no	yes	cellular	21	jul	1105	2	-1	0	unknown	yes
56	retired	divorced	tertiary	no	158	no	yes	cellular	21	jul	854	1	-1	0	unknown	yes
47	technician	married	secondary	no	1981	yes	no	cellular	21	jul	919	2	-1	0	unknown	yes
39	management	married	tertiary	no	1423	yes	no	telephone	21	jul	733	3	-1	0	unknown	yes
51	management	married	tertiary	no	2455	yes	no	cellular	21	jul	553	1	-1	0	unknown	yes
54	technician	divorced	secondary	no	859	no	yes	cellular	21	jul	710	1	-1	0	unknown	yes
58	retired	married	unknown	no	9004	no	no	cellular	21	jul	891	4	-1	0	unknown	yes
42	unemployed	married	unknown	no	970	yes	no	telephone	21	jul	691	10	-1	0	unknown	yes
56	services	married	primary	no	486	no	yes	telephone	21	jul	1877	1	-1	0	unknown	yes
55	housemaid	married	secondary	no	127	yes	no	telephone	21	jul	1130	8	-1	0	unknown	yes
26	blue-collar	single	primary	no	409	yes	no	cellular	21	jul	577	2	-1	0	unknown	yes
40	admin.	single	secondary	no	664	no	no	cellular	21	jul	1342	2	-1	0	unknown	yes
26	technician	single	secondary	no	223	no	yes	cellular	21	jul	1002	3	-1	0	unknown	yes
35	management	single	tertiary	no	-324	no	yes	cellular	21	jul	985	11	-1	0	unknown	yes
34	services	single	secondary	no	-30	no	no	cellular	21	jul	1360	3	-1	0	unknown	yes
41	management	single	tertiary	no	1253	no	no	cellular	21	jul	1134	5	-1	0	unknown	yes
44	management	married	primary	no	4758	yes	no	cellular	22	jul	712	6	-1	0	unknown	yes
33	management	single	tertiary	no	30	yes	no	cellular	22	jul	1077	1	-1	0	unknown	yes
36	management	divorced	tertiary	no	81	no	yes	cellular	22	jul	560	1	-1	0	unknown	yes
38	technician	married	secondary	no	0	yes	no	cellular	22	jul	1545	1	-1	0	unknown	yes
35	technician	married	tertiary	no	328	yes	no	cellular	22	jul	654	2	-1	0	unknown	yes
41	technician	single	tertiary	no	145	no	no	cellular	22	jul	1833	2	-1	0	unknown	yes
41	management	divorced	unknown	no	465	yes	no	cellular	22	jul	1508	1	-1	0	unknown	yes
28	blue-collar	married	secondary	no	751	yes	no	cellular	22	jul	598	5	-1	0	unknown	yes
26	services	married	secondary	no	-379	yes	yes	cellular	22	jul	1237	7	-1	0	unknown	yes
39	blue-collar	single	secondary	no	0	no	no	cellular	22	jul	864	4	-1	0	unknown	yes
25	admin.	married	unknown	no	349	yes	no	cellular	22	jul	1037	8	-1	0	unknown	yes
37	admin.	married	secondary	no	1110	yes	no	telephone	22	jul	802	11	-1	0	unknown	yes
25	management	married	secondary	no	2228	yes	no	cellular	23	jul	754	1	-1	0	unknown	yes
46	management	divorced	tertiary	no	2166	yes	no	cellular	23	jul	870	1	-1	0	unknown	yes
25	blue-collar	single	secondary	no	-247	yes	no	cellular	23	jul	633	1	-1	0	unknown	yes
28	technician	single	tertiary	no	-123	no	yes	cellular	23	jul	690	1	-1	0	unknown	yes
33	services	divorced	secondary	no	44	no	yes	cellular	23	jul	529	1	-1	0	unknown	yes
32	management	single	secondary	no	131	yes	yes	cellular	23	jul	1152	2	-1	0	unknown	yes
32	blue-collar	married	secondary	no	476	yes	no	cellular	23	jul	956	9	-1	0	unknown	yes
47	technician	single	secondary	no	1101	yes	no	cellular	23	jul	957	3	-1	0	unknown	yes
50	entrepreneur	married	tertiary	no	-168	yes	no	cellular	23	jul	1327	2	-1	0	unknown	yes
27	technician	married	secondary	no	-392	yes	no	cellular	23	jul	228	2	-1	0	unknown	yes
45	admin.	married	secondary	no	524	yes	no	cellular	23	jul	808	1	-1	0	unknown	yes
51	admin.	single	secondary	no	895	no	no	cellular	23	jul	638	2	-1	0	unknown	yes
36	admin.	married	secondary	no	212	yes	yes	cellular	23	jul	1201	6	-1	0	unknown	yes
51	self-employed	married	secondary	no	95	yes	no	cellular	23	jul	1309	4	-1	0	unknown	yes
33	services	single	tertiary	no	395	yes	no	cellular	23	jul	1359	6	-1	0	unknown	yes
59	technician	married	secondary	no	135	yes	yes	cellular	23	jul	416	4	-1	0	unknown	yes
38	entrepreneur	married	tertiary	no	0	no	no	cellular	23	jul	532	2	-1	0	unknown	yes
40	services	married	secondary	no	471	yes	no	cellular	24	jul	430	4	-1	0	unknown	yes
51	blue-collar	married	primary	no	603	yes	no	cellular	24	jul	853	2	-1	0	unknown	yes
41	entrepreneur	single	secondary	no	663	no	no	cellular	24	jul	1204	1	-1	0	unknown	yes
38	entrepreneur	married	secondary	no	593	yes	yes	cellular	24	jul	1484	24	-1	0	unknown	yes
31	management	married	tertiary	no	1224	yes	yes	cellular	24	jul	1441	2	-1	0	unknown	yes
28	admin.	single	secondary	no	2	yes	no	cellular	24	jul	454	1	-1	0	unknown	yes
41	blue-collar	married	secondary	yes	720	no	yes	cellular	24	jul	651	1	-1	0	unknown	yes
33	management	divorced	tertiary	no	990	yes	no	cellular	24	jul	1491	2	-1	0	unknown	yes
25	student	single	secondary	no	1747	yes	no	cellular	24	jul	903	1	-1	0	unknown	yes
45	admin.	divorced	secondary	no	59	yes	no	cellular	24	jul	873	8	-1	0	unknown	yes
31	blue-collar	married	primary	no	33	yes	no	cellular	24	jul	901	2	-1	0	unknown	yes
28	services	single	secondary	no	340	yes	no	cellular	24	jul	821	2	-1	0	unknown	yes
49	technician	divorced	secondary	no	305	no	no	cellular	24	jul	367	2	-1	0	unknown	yes
25	services	married	secondary	no	0	yes	no	cellular	24	jul	458	9	-1	0	unknown	yes
28	unemployed	single	tertiary	no	497	yes	no	cellular	24	jul	1602	6	-1	0	unknown	yes
54	retired	married	secondary	no	1371	no	no	telephone	25	jul	1492	2	-1	0	unknown	yes
28	technician	single	tertiary	no	1628	yes	no	cellular	25	jul	1422	2	-1	0	unknown	yes
27	technician	single	tertiary	no	372	yes	yes	cellular	25	jul	728	2	-1	0	unknown	yes
49	blue-collar	single	primary	no	566	yes	no	cellular	25	jul	979	2	-1	0	unknown	yes
53	blue-collar	married	primary	no	343	yes	no	cellular	25	jul	616	5	-1	0	unknown	yes
26	technician	single	secondary	no	941	no	yes	cellular	25	jul	784	1	-1	0	unknown	yes
37	services	married	secondary	no	775	no	yes	cellular	25	jul	1000	1	-1	0	unknown	yes
34	blue-collar	single	secondary	no	1759	no	yes	cellular	25	jul	695	1	-1	0	unknown	yes
51	retired	married	primary	no	1495	no	no	telephone	25	jul	1946	4	-1	0	unknown	yes
39	housemaid	married	secondary	no	1444	no	no	telephone	25	jul	362	8	-1	0	unknown	yes
35	technician	single	tertiary	no	470	yes	no	cellular	25	jul	743	13	-1	0	unknown	yes
51	unemployed	married	primary	no	1162	yes	no	cellular	25	jul	2015	1	-1	0	unknown	yes
30	management	single	tertiary	no	2	yes	yes	cellular	25	jul	1031	8	-1	0	unknown	yes
42	blue-collar	single	primary	no	1628	yes	no	cellular	25	jul	590	8	-1	0	unknown	yes
54	management	married	secondary	no	1134	yes	no	cellular	25	jul	1330	3	-1	0	unknown	yes
51	blue-collar	married	primary	no	0	yes	yes	cellular	25	jul	946	3	-1	0	unknown	yes
57	retired	divorced	primary	no	63	no	yes	cellular	25	jul	1448	17	-1	0	unknown	yes
30	management	married	tertiary	no	1221	yes	no	telephone	25	jul	279	4	-1	0	unknown	yes
37	blue-collar	single	secondary	no	5024	no	yes	cellular	25	jul	661	4	-1	0	unknown	yes
39	technician	married	secondary	no	10685	yes	no	cellular	25	jul	1369	9	-1	0	unknown	yes
35	technician	married	tertiary	no	1629	no	no	cellular	25	jul	653	4	-1	0	unknown	yes
48	management	married	secondary	no	268	yes	no	cellular	28	jul	458	7	-1	0	unknown	yes
31	management	married	tertiary	no	0	yes	yes	cellular	28	jul	664	8	-1	0	unknown	yes
35	self-employed	married	secondary	no	5613	yes	no	cellular	28	jul	699	3	-1	0	unknown	yes
48	housemaid	married	secondary	no	513	no	yes	cellular	28	jul	939	3	-1	0	unknown	yes
53	housemaid	married	primary	no	362	no	no	cellular	28	jul	1169	2	-1	0	unknown	yes
27	technician	single	secondary	no	3933	no	no	cellular	28	jul	837	3	-1	0	unknown	yes
55	technician	married	secondary	no	3899	yes	no	telephone	28	jul	596	4	-1	0	unknown	yes
40	services	married	secondary	no	473	yes	no	cellular	28	jul	383	3	-1	0	unknown	yes
40	self-employed	single	tertiary	no	1616	no	no	telephone	28	jul	1009	7	-1	0	unknown	yes
38	blue-collar	divorced	secondary	no	1817	yes	no	cellular	28	jul	1096	4	-1	0	unknown	yes
54	retired	single	secondary	no	129	no	yes	cellular	28	jul	867	2	-1	0	unknown	yes
54	technician	married	secondary	no	1938	no	yes	cellular	28	jul	551	3	-1	0	unknown	yes
50	admin.	single	secondary	no	133	no	no	cellular	28	jul	890	4	-1	0	unknown	yes
48	management	divorced	tertiary	no	2263	no	no	cellular	29	jul	874	2	-1	0	unknown	yes
41	services	married	unknown	no	1538	no	no	cellular	29	jul	710	2	-1	0	unknown	yes
51	blue-collar	divorced	primary	no	5	no	no	cellular	29	jul	600	2	-1	0	unknown	yes
42	technician	single	tertiary	no	2625	no	no	cellular	29	jul	2516	2	-1	0	unknown	yes
58	retired	divorced	secondary	no	1080	yes	no	cellular	29	jul	1058	2	-1	0	unknown	yes
47	unemployed	married	secondary	no	312	no	no	cellular	29	jul	884	1	-1	0	unknown	yes
58	admin.	married	secondary	no	145	yes	no	telephone	29	jul	616	13	-1	0	unknown	yes
41	blue-collar	married	secondary	no	-190	no	yes	cellular	29	jul	808	3	-1	0	unknown	yes
50	admin.	married	secondary	no	2678	no	no	telephone	30	jul	1011	6	-1	0	unknown	yes
46	housemaid	married	secondary	no	271	yes	no	cellular	30	jul	1013	29	-1	0	unknown	yes
44	blue-collar	married	secondary	no	0	no	no	cellular	30	jul	684	2	-1	0	unknown	yes
36	services	married	secondary	no	0	no	no	cellular	30	jul	843	2	-1	0	unknown	yes
58	management	divorced	secondary	no	3161	no	no	telephone	30	jul	542	2	-1	0	unknown	yes
44	unemployed	single	primary	yes	-4	no	yes	cellular	30	jul	788	2	-1	0	unknown	yes
49	entrepreneur	divorced	unknown	yes	-701	yes	no	cellular	30	jul	988	2	-1	0	unknown	yes
55	management	married	tertiary	no	-375	no	no	cellular	30	jul	814	2	-1	0	unknown	yes
52	unemployed	married	primary	no	959	no	no	telephone	30	jul	694	2	-1	0	unknown	yes
60	retired	divorced	secondary	no	1091	no	no	cellular	30	jul	441	5	-1	0	unknown	yes
41	services	married	unknown	yes	-1	no	yes	cellular	30	jul	1171	4	-1	0	unknown	yes
36	management	married	tertiary	no	96	no	no	cellular	30	jul	729	4	-1	0	unknown	yes
41	blue-collar	divorced	primary	no	0	no	no	cellular	30	jul	509	2	-1	0	unknown	yes
50	entrepreneur	married	tertiary	no	230	no	no	telephone	30	jul	1089	4	-1	0	unknown	yes
44	housemaid	married	primary	no	-156	no	yes	cellular	30	jul	1211	2	-1	0	unknown	yes
54	technician	married	secondary	no	114	no	no	cellular	30	jul	458	3	-1	0	unknown	yes
35	management	married	tertiary	no	-468	yes	no	cellular	30	jul	540	8	-1	0	unknown	yes
59	retired	divorced	secondary	no	679	no	no	cellular	30	jul	761	4	-1	0	unknown	yes
42	entrepreneur	married	unknown	no	206	yes	no	cellular	30	jul	695	2	-1	0	unknown	yes
27	management	single	tertiary	no	1	yes	no	cellular	30	jul	764	4	-1	0	unknown	yes
59	housemaid	divorced	primary	no	2518	no	no	cellular	30	jul	675	3	-1	0	unknown	yes
43	admin.	married	secondary	no	378	no	no	cellular	30	jul	782	8	-1	0	unknown	yes
39	technician	single	secondary	no	391	no	yes	cellular	30	jul	962	4	-1	0	unknown	yes
33	unemployed	married	secondary	no	-144	no	no	cellular	30	jul	481	3	-1	0	unknown	yes
36	self-employed	single	tertiary	no	1240	no	no	cellular	31	jul	812	3	-1	0	unknown	yes
35	blue-collar	divorced	primary	no	1792	yes	no	cellular	31	jul	630	6	-1	0	unknown	yes
50	blue-collar	married	unknown	no	2284	yes	no	telephone	31	jul	1088	17	-1	0	unknown	yes
55	technician	married	secondary	no	264	yes	yes	cellular	31	jul	1150	5	-1	0	unknown	yes
51	unemployed	divorced	tertiary	no	0	no	no	cellular	31	jul	574	2	-1	0	unknown	yes
48	entrepreneur	married	tertiary	yes	-392	no	no	cellular	31	jul	725	4	-1	0	unknown	yes
55	housemaid	divorced	primary	no	77	no	no	cellular	31	jul	463	6	-1	0	unknown	yes
30	services	married	secondary	no	48	yes	no	cellular	31	jul	662	13	-1	0	unknown	yes
53	blue-collar	married	primary	no	252	no	no	cellular	31	jul	727	4	-1	0	unknown	yes
40	blue-collar	married	secondary	no	1954	no	no	cellular	31	jul	1107	2	-1	0	unknown	yes
44	technician	married	primary	no	755	no	yes	cellular	31	jul	829	4	-1	0	unknown	yes
49	management	divorced	tertiary	no	755	no	no	cellular	31	jul	1212	4	-1	0	unknown	yes
40	admin.	married	secondary	no	341	no	no	cellular	31	jul	1142	5	-1	0	unknown	yes
58	unemployed	married	primary	no	1183	no	no	cellular	31	jul	1721	5	-1	0	unknown	yes
49	services	married	secondary	no	388	no	no	telephone	31	jul	1032	4	-1	0	unknown	yes
38	technician	married	secondary	no	1919	no	no	cellular	4	aug	846	1	-1	0	unknown	yes
51	housemaid	divorced	tertiary	no	1613	no	no	cellular	4	aug	870	1	-1	0	unknown	yes
36	management	divorced	tertiary	no	0	no	no	cellular	4	aug	1165	1	-1	0	unknown	yes
55	retired	married	secondary	no	0	no	no	cellular	4	aug	1110	1	-1	0	unknown	yes
43	technician	married	tertiary	no	0	no	no	cellular	4	aug	1488	2	-1	0	unknown	yes
60	management	divorced	secondary	no	0	no	no	cellular	5	aug	603	3	-1	0	unknown	yes
57	retired	married	secondary	no	466	no	no	cellular	5	aug	641	2	-1	0	unknown	yes
41	technician	married	tertiary	no	515	no	no	cellular	5	aug	837	2	-1	0	unknown	yes
50	technician	married	tertiary	no	2313	no	no	cellular	5	aug	553	1	-1	0	unknown	yes
53	blue-collar	married	secondary	no	-8	no	no	cellular	5	aug	794	1	-1	0	unknown	yes
59	retired	married	primary	no	1634	yes	yes	cellular	5	aug	836	1	-1	0	unknown	yes
59	housemaid	married	primary	no	100	no	no	cellular	5	aug	1134	1	-1	0	unknown	yes
52	unknown	married	unknown	no	5361	no	no	cellular	5	aug	607	3	-1	0	unknown	yes
58	management	divorced	tertiary	no	1257	no	no	cellular	5	aug	1536	1	-1	0	unknown	yes
59	retired	married	primary	no	3400	yes	no	cellular	5	aug	515	3	-1	0	unknown	yes
49	technician	single	secondary	no	1377	no	no	cellular	5	aug	935	1	-1	0	unknown	yes
33	management	divorced	tertiary	no	2885	no	no	cellular	5	aug	1051	2	-1	0	unknown	yes
55	blue-collar	married	primary	no	512	no	no	cellular	5	aug	1200	2	-1	0	unknown	yes
42	technician	married	tertiary	no	921	no	no	cellular	5	aug	531	3	-1	0	unknown	yes
52	services	married	secondary	no	1000	no	no	cellular	5	aug	766	2	-1	0	unknown	yes
38	technician	married	tertiary	no	202	no	no	cellular	5	aug	1311	2	-1	0	unknown	yes
55	technician	married	tertiary	no	169	no	yes	cellular	5	aug	618	2	-1	0	unknown	yes
49	technician	married	tertiary	no	3726	no	no	cellular	5	aug	875	2	-1	0	unknown	yes
56	technician	divorced	secondary	no	146	yes	no	cellular	5	aug	419	3	-1	0	unknown	yes
46	technician	married	secondary	no	940	no	no	cellular	5	aug	1227	2	-1	0	unknown	yes
57	retired	divorced	tertiary	no	734	no	no	cellular	6	aug	1357	4	-1	0	unknown	yes
61	retired	married	secondary	no	77	no	no	cellular	6	aug	455	4	-1	0	unknown	yes
45	admin.	married	secondary	no	925	no	no	cellular	6	aug	406	2	-1	0	unknown	yes
39	management	married	tertiary	no	1836	no	no	cellular	6	aug	902	3	-1	0	unknown	yes
46	admin.	married	secondary	no	660	no	no	cellular	6	aug	740	2	-1	0	unknown	yes
43	management	single	tertiary	no	1304	no	no	cellular	6	aug	501	2	-1	0	unknown	yes
34	services	married	secondary	no	2956	no	no	cellular	6	aug	835	2	-1	0	unknown	yes
35	management	divorced	tertiary	no	146	no	no	cellular	6	aug	720	2	-1	0	unknown	yes
36	management	divorced	tertiary	yes	36	no	no	cellular	6	aug	836	4	-1	0	unknown	yes
45	management	divorced	tertiary	no	1	no	no	cellular	6	aug	490	2	-1	0	unknown	yes
47	technician	married	secondary	no	2480	no	no	cellular	6	aug	763	2	-1	0	unknown	yes
42	technician	married	tertiary	no	14282	yes	no	cellular	6	aug	649	4	-1	0	unknown	yes
40	management	single	tertiary	no	0	no	no	cellular	6	aug	641	6	-1	0	unknown	yes
40	technician	divorced	secondary	no	311	no	no	cellular	6	aug	738	2	-1	0	unknown	yes
32	technician	married	secondary	no	560	no	no	cellular	6	aug	1044	4	-1	0	unknown	yes
33	technician	single	secondary	no	3059	no	yes	cellular	6	aug	482	2	-1	0	unknown	yes
32	self-employed	married	tertiary	no	1423	no	no	cellular	6	aug	1249	4	-1	0	unknown	yes
46	blue-collar	married	primary	no	874	no	no	cellular	6	aug	996	1	-1	0	unknown	yes
50	admin.	married	secondary	no	706	yes	no	cellular	6	aug	1250	4	-1	0	unknown	yes
51	blue-collar	married	primary	no	7098	no	no	cellular	6	aug	1471	7	-1	0	unknown	yes
30	management	single	tertiary	no	5389	no	no	cellular	6	aug	1456	3	-1	0	unknown	yes
39	technician	single	secondary	no	1104	no	no	cellular	7	aug	395	2	-1	0	unknown	yes
47	admin.	married	secondary	no	3070	no	no	cellular	7	aug	663	4	-1	0	unknown	yes
40	technician	divorced	secondary	no	0	no	no	cellular	7	aug	674	2	-1	0	unknown	yes
50	blue-collar	married	primary	no	4108	yes	no	cellular	7	aug	526	2	-1	0	unknown	yes
60	management	married	tertiary	no	0	no	no	cellular	7	aug	401	3	-1	0	unknown	yes
32	management	single	tertiary	no	4291	no	no	cellular	7	aug	1321	9	-1	0	unknown	yes
57	technician	married	tertiary	no	6822	no	no	cellular	7	aug	797	2	-1	0	unknown	yes
41	self-employed	married	tertiary	no	231	no	no	cellular	7	aug	352	2	-1	0	unknown	yes
50	technician	married	secondary	no	3176	no	no	cellular	7	aug	670	1	-1	0	unknown	yes
46	technician	divorced	secondary	no	-824	yes	no	cellular	7	aug	429	3	-1	0	unknown	yes
31	management	married	tertiary	no	676	no	no	cellular	7	aug	1182	1	-1	0	unknown	yes
36	technician	single	secondary	no	651	no	no	cellular	7	aug	876	1	-1	0	unknown	yes
45	technician	divorced	secondary	no	2657	no	no	cellular	7	aug	895	3	-1	0	unknown	yes
33	technician	divorced	secondary	no	801	no	no	cellular	7	aug	341	5	-1	0	unknown	yes
47	services	married	secondary	no	405	no	yes	cellular	8	aug	994	2	-1	0	unknown	yes
35	management	married	tertiary	no	82	no	no	cellular	8	aug	507	4	-1	0	unknown	yes
38	management	married	tertiary	no	179	no	no	unknown	8	aug	317	4	-1	0	unknown	yes
33	management	married	tertiary	no	1047	no	no	cellular	8	aug	512	4	-1	0	unknown	yes
44	technician	single	secondary	no	7138	no	no	cellular	8	aug	809	2	-1	0	unknown	yes
31	management	single	tertiary	no	165	no	yes	cellular	8	aug	523	2	-1	0	unknown	yes
31	management	single	tertiary	no	37	no	no	cellular	8	aug	669	2	-1	0	unknown	yes
49	services	married	secondary	no	823	no	no	cellular	8	aug	780	4	-1	0	unknown	yes
52	services	married	primary	no	1625	no	no	cellular	8	aug	459	2	-1	0	unknown	yes
31	technician	married	tertiary	no	120	no	no	cellular	8	aug	1000	1	-1	0	unknown	yes
35	management	married	tertiary	no	2957	yes	yes	cellular	8	aug	733	3	-1	0	unknown	yes
31	management	single	tertiary	no	2	no	no	cellular	8	aug	848	1	-1	0	unknown	yes
36	technician	divorced	secondary	no	1	no	no	cellular	8	aug	1242	3	-1	0	unknown	yes
39	management	married	tertiary	no	1795	no	no	cellular	8	aug	922	7	-1	0	unknown	yes
46	management	married	tertiary	no	4	no	no	cellular	8	aug	1206	4	-1	0	unknown	yes
48	blue-collar	married	primary	no	476	no	no	cellular	11	aug	856	3	-1	0	unknown	yes
36	management	married	tertiary	no	9	no	no	cellular	11	aug	386	4	-1	0	unknown	yes
30	management	married	tertiary	no	131	yes	no	cellular	11	aug	384	6	-1	0	unknown	yes
33	management	single	tertiary	no	1120	no	no	cellular	11	aug	1070	2	-1	0	unknown	yes
57	housemaid	married	primary	no	2785	no	no	cellular	11	aug	610	4	-1	0	unknown	yes
33	management	single	tertiary	no	0	no	no	cellular	11	aug	699	7	-1	0	unknown	yes
35	management	married	tertiary	no	43	no	no	cellular	11	aug	917	4	-1	0	unknown	yes
53	management	married	tertiary	no	0	no	no	cellular	11	aug	608	2	-1	0	unknown	yes
41	management	married	secondary	no	456	yes	no	cellular	11	aug	734	4	-1	0	unknown	yes
32	management	single	secondary	no	2018	no	no	cellular	11	aug	1238	1	-1	0	unknown	yes
41	management	married	tertiary	no	0	no	no	cellular	11	aug	1242	5	-1	0	unknown	yes
35	technician	single	secondary	no	354	no	no	cellular	11	aug	444	3	-1	0	unknown	yes
48	blue-collar	married	primary	no	719	no	yes	cellular	11	aug	418	5	-1	0	unknown	yes
34	management	married	tertiary	no	828	no	yes	cellular	11	aug	1080	3	-1	0	unknown	yes
47	blue-collar	married	secondary	no	2787	no	no	cellular	11	aug	479	1	-1	0	unknown	yes
46	unemployed	married	secondary	no	2551	no	no	cellular	12	aug	645	2	-1	0	unknown	yes
60	retired	married	secondary	no	2722	no	no	cellular	12	aug	506	2	-1	0	unknown	yes
39	management	married	secondary	no	1880	no	no	cellular	12	aug	768	2	-1	0	unknown	yes
57	blue-collar	married	primary	no	2112	no	no	cellular	12	aug	1134	2	-1	0	unknown	yes
36	unemployed	divorced	secondary	no	871	no	no	cellular	12	aug	396	3	-1	0	unknown	yes
30	management	married	secondary	no	850	no	no	cellular	12	aug	507	2	-1	0	unknown	yes
33	technician	married	secondary	no	3243	no	no	cellular	12	aug	439	4	-1	0	unknown	yes
30	management	married	tertiary	no	1567	yes	no	cellular	12	aug	1133	4	-1	0	unknown	yes
36	technician	single	secondary	yes	12	no	no	cellular	12	aug	587	2	-1	0	unknown	yes
49	blue-collar	married	primary	no	128	no	no	cellular	12	aug	696	2	-1	0	unknown	yes
49	blue-collar	married	secondary	no	553	no	no	cellular	12	aug	645	8	-1	0	unknown	yes
40	unemployed	divorced	secondary	no	1694	no	no	cellular	12	aug	473	6	-1	0	unknown	yes
49	blue-collar	married	primary	no	408	no	no	cellular	12	aug	559	4	-1	0	unknown	yes
38	management	married	tertiary	no	1223	no	no	cellular	12	aug	1092	5	-1	0	unknown	yes
31	management	single	tertiary	no	1858	no	no	cellular	12	aug	453	3	-1	0	unknown	yes
34	management	married	tertiary	no	520	yes	no	cellular	12	aug	1307	4	-1	0	unknown	yes
39	management	married	tertiary	no	271	yes	no	cellular	12	aug	1344	1	-1	0	unknown	yes
40	management	married	secondary	no	4396	no	no	cellular	12	aug	432	3	-1	0	unknown	yes
47	technician	married	secondary	no	568	yes	no	cellular	12	aug	1613	1	-1	0	unknown	yes
37	technician	single	secondary	no	3665	no	no	cellular	12	aug	664	3	-1	0	unknown	yes
44	technician	single	secondary	no	244	yes	no	cellular	12	aug	1735	4	-1	0	unknown	yes
55	management	married	tertiary	no	568	no	no	cellular	12	aug	940	10	-1	0	unknown	yes
40	technician	married	secondary	no	42	no	no	cellular	13	aug	1842	2	-1	0	unknown	yes
54	retired	married	primary	no	309	no	no	cellular	13	aug	969	2	-1	0	unknown	yes
35	technician	married	secondary	no	-180	no	yes	cellular	13	aug	823	2	-1	0	unknown	yes
32	technician	single	tertiary	no	34646	no	no	telephone	13	aug	618	9	-1	0	unknown	yes
36	management	divorced	tertiary	no	59	no	no	cellular	13	aug	526	2	-1	0	unknown	yes
37	management	married	tertiary	no	4436	no	no	cellular	13	aug	846	5	-1	0	unknown	yes
37	technician	single	secondary	no	-242	yes	no	cellular	13	aug	1149	6	-1	0	unknown	yes
50	self-employed	married	secondary	no	10052	no	no	cellular	13	aug	665	2	-1	0	unknown	yes
58	retired	married	tertiary	no	0	no	no	cellular	13	aug	641	4	-1	0	unknown	yes
52	technician	divorced	secondary	no	152	no	no	cellular	13	aug	404	6	-1	0	unknown	yes
31	management	married	tertiary	no	156	no	no	cellular	13	aug	657	7	-1	0	unknown	yes
40	management	married	tertiary	no	66	no	no	cellular	13	aug	737	4	-1	0	unknown	yes
34	management	single	tertiary	no	9827	yes	no	cellular	13	aug	871	4	-1	0	unknown	yes
53	services	married	secondary	no	6170	no	no	cellular	13	aug	838	4	-1	0	unknown	yes
43	management	married	tertiary	no	2383	no	no	cellular	13	aug	379	6	-1	0	unknown	yes
30	technician	single	tertiary	no	635	no	no	cellular	13	aug	851	8	-1	0	unknown	yes
34	technician	single	secondary	no	16	no	no	cellular	13	aug	990	1	-1	0	unknown	yes
48	admin.	divorced	secondary	no	362	no	no	cellular	13	aug	529	1	-1	0	unknown	yes
33	management	married	tertiary	no	191	no	no	cellular	13	aug	1148	2	-1	0	unknown	yes
37	management	single	tertiary	no	455	yes	no	cellular	13	aug	904	6	-1	0	unknown	yes
57	technician	divorced	secondary	no	3043	no	no	cellular	14	aug	707	2	-1	0	unknown	yes
55	retired	married	primary	no	3334	no	no	cellular	14	aug	632	4	-1	0	unknown	yes
34	technician	married	tertiary	no	8029	yes	no	cellular	14	aug	593	4	-1	0	unknown	yes
44	entrepreneur	married	tertiary	no	624	no	no	telephone	14	aug	552	2	-1	0	unknown	yes
35	management	single	tertiary	no	331	no	no	cellular	14	aug	857	2	-1	0	unknown	yes
34	housemaid	married	primary	no	2929	no	no	cellular	14	aug	518	2	-1	0	unknown	yes
49	services	married	secondary	no	1314	no	no	cellular	14	aug	834	14	-1	0	unknown	yes
30	technician	married	secondary	no	289	yes	no	cellular	14	aug	1184	4	-1	0	unknown	yes
32	management	single	tertiary	no	20	no	no	cellular	14	aug	1151	2	-1	0	unknown	yes
56	blue-collar	married	primary	no	8163	no	no	cellular	14	aug	1231	4	-1	0	unknown	yes
50	management	single	tertiary	no	1200	no	no	cellular	14	aug	904	3	-1	0	unknown	yes
32	technician	single	secondary	no	1732	yes	no	cellular	14	aug	1871	3	-1	0	unknown	yes
45	technician	single	tertiary	no	0	no	no	cellular	18	aug	773	4	-1	0	unknown	yes
52	management	married	tertiary	no	576	no	no	cellular	18	aug	762	3	-1	0	unknown	yes
60	blue-collar	married	primary	no	493	no	no	cellular	18	aug	671	4	-1	0	unknown	yes
47	management	married	tertiary	no	682	no	no	cellular	18	aug	638	6	-1	0	unknown	yes
32	technician	single	secondary	no	0	no	no	cellular	18	aug	594	4	-1	0	unknown	yes
55	blue-collar	married	primary	no	3485	no	no	cellular	18	aug	625	4	-1	0	unknown	yes
36	management	single	tertiary	no	2944	no	no	cellular	18	aug	882	8	-1	0	unknown	yes
46	technician	married	secondary	no	1353	no	no	cellular	18	aug	528	5	-1	0	unknown	yes
55	management	divorced	tertiary	no	0	no	no	cellular	18	aug	309	4	-1	0	unknown	yes
30	management	single	tertiary	no	1541	no	no	cellular	18	aug	471	8	-1	0	unknown	yes
54	blue-collar	married	secondary	no	548	no	no	cellular	18	aug	520	7	-1	0	unknown	yes
31	management	divorced	tertiary	no	254	no	no	cellular	18	aug	1576	8	-1	0	unknown	yes
46	technician	single	tertiary	no	4414	no	no	cellular	18	aug	504	7	-1	0	unknown	yes
61	management	married	secondary	no	985	no	no	cellular	18	aug	998	6	-1	0	unknown	yes
58	retired	married	primary	no	1241	no	no	cellular	18	aug	194	2	-1	0	unknown	yes
38	technician	single	secondary	no	3278	no	no	cellular	19	aug	645	14	-1	0	unknown	yes
49	technician	married	secondary	no	412	no	no	cellular	19	aug	1293	8	-1	0	unknown	yes
43	management	single	tertiary	no	483	no	no	cellular	19	aug	950	6	-1	0	unknown	yes
52	management	married	tertiary	no	7135	no	no	cellular	19	aug	1032	3	-1	0	unknown	yes
33	self-employed	single	tertiary	no	61	no	no	cellular	19	aug	836	3	-1	0	unknown	yes
33	management	married	tertiary	no	1412	yes	no	unknown	19	aug	480	1	-1	0	unknown	yes
53	management	married	tertiary	no	15	no	no	cellular	20	aug	921	2	-1	0	unknown	yes
40	admin.	single	tertiary	no	27	no	no	cellular	20	aug	467	2	-1	0	unknown	yes
44	self-employed	married	tertiary	no	1196	no	no	cellular	20	aug	552	5	-1	0	unknown	yes
42	technician	divorced	secondary	no	19	no	no	cellular	20	aug	875	4	-1	0	unknown	yes
33	management	single	tertiary	no	432	no	no	telephone	20	aug	588	6	-1	0	unknown	yes
53	technician	married	tertiary	no	988	no	no	cellular	20	aug	1408	5	-1	0	unknown	yes
60	admin.	married	tertiary	no	1614	no	no	cellular	20	aug	921	6	-1	0	unknown	yes
33	technician	single	secondary	no	163	yes	no	cellular	20	aug	627	2	-1	0	unknown	yes
37	technician	married	tertiary	no	247	no	no	cellular	20	aug	625	6	-1	0	unknown	yes
45	admin.	married	secondary	no	236	no	no	cellular	20	aug	703	2	-1	0	unknown	yes
34	technician	single	secondary	no	666	no	no	cellular	21	aug	1503	2	-1	0	unknown	yes
56	technician	married	tertiary	no	73	no	no	cellular	21	aug	644	4	-1	0	unknown	yes
57	technician	divorced	tertiary	no	96	no	no	cellular	21	aug	913	4	-1	0	unknown	yes
32	management	single	tertiary	no	46	no	no	cellular	21	aug	788	6	-1	0	unknown	yes
50	services	married	secondary	no	1501	no	no	cellular	21	aug	946	4	-1	0	unknown	yes
30	services	single	tertiary	no	-477	no	yes	cellular	21	aug	1532	2	-1	0	unknown	yes
56	admin.	married	secondary	no	1694	no	no	cellular	21	aug	793	10	-1	0	unknown	yes
55	blue-collar	married	secondary	no	196	no	no	cellular	21	aug	81	1	-1	0	unknown	yes
34	self-employed	single	tertiary	no	462	no	no	cellular	21	aug	1877	3	-1	0	unknown	yes
52	management	married	tertiary	no	1227	no	no	cellular	22	aug	1123	4	-1	0	unknown	yes
32	management	single	tertiary	no	522	no	no	cellular	22	aug	576	2	-1	0	unknown	yes
31	self-employed	married	tertiary	no	94	no	no	cellular	22	aug	579	2	-1	0	unknown	yes
44	technician	married	secondary	no	267	no	no	cellular	22	aug	520	2	-1	0	unknown	yes
33	management	married	tertiary	no	4570	no	no	cellular	22	aug	1258	2	-1	0	unknown	yes
53	blue-collar	married	secondary	no	25	no	no	cellular	22	aug	528	2	-1	0	unknown	yes
46	management	single	tertiary	no	0	no	no	cellular	22	aug	686	2	-1	0	unknown	yes
46	entrepreneur	married	tertiary	no	1920	no	no	cellular	22	aug	604	6	-1	0	unknown	yes
59	admin.	married	secondary	no	1575	yes	no	cellular	22	aug	1241	11	-1	0	unknown	yes
51	unemployed	married	secondary	no	234	no	no	cellular	22	aug	735	1	-1	0	unknown	yes
57	retired	married	primary	no	3518	yes	no	cellular	25	aug	626	3	-1	0	unknown	yes
43	technician	married	secondary	no	136	no	no	cellular	25	aug	363	7	-1	0	unknown	yes
48	management	single	tertiary	no	830	no	no	cellular	25	aug	961	4	-1	0	unknown	yes
33	housemaid	married	primary	no	2054	no	no	cellular	25	aug	472	6	-1	0	unknown	yes
59	blue-collar	married	primary	no	-546	no	no	cellular	25	aug	1152	6	-1	0	unknown	yes
58	blue-collar	married	primary	no	5188	yes	no	cellular	25	aug	606	6	-1	0	unknown	yes
32	management	single	tertiary	no	1882	no	no	cellular	25	aug	497	5	-1	0	unknown	yes
44	management	married	tertiary	no	792	no	no	cellular	25	aug	630	7	-1	0	unknown	yes
47	blue-collar	married	unknown	yes	162	no	no	cellular	25	aug	366	3	-1	0	unknown	yes
34	technician	married	secondary	no	1035	no	no	cellular	25	aug	1374	10	-1	0	unknown	yes
51	retired	married	tertiary	no	746	no	no	cellular	25	aug	372	5	-1	0	unknown	yes
60	unknown	married	unknown	no	17297	no	no	cellular	26	aug	664	11	-1	0	unknown	yes
46	admin.	married	secondary	no	22	no	no	cellular	26	aug	388	6	-1	0	unknown	yes
41	technician	married	tertiary	no	231	no	no	cellular	26	aug	428	2	-1	0	unknown	yes
34	self-employed	single	secondary	no	296	no	no	cellular	27	aug	609	13	-1	0	unknown	yes
31	technician	divorced	tertiary	no	0	no	no	cellular	27	aug	581	6	-1	0	unknown	yes
37	management	married	tertiary	no	40	no	no	cellular	27	aug	1033	4	-1	0	unknown	yes
59	retired	married	secondary	no	2396	no	no	cellular	27	aug	1040	6	-1	0	unknown	yes
55	services	married	unknown	no	2944	no	no	cellular	27	aug	672	6	-1	0	unknown	yes
33	management	single	tertiary	no	7084	no	no	cellular	27	aug	512	8	-1	0	unknown	yes
30	technician	married	tertiary	no	569	no	no	cellular	27	aug	976	12	-1	0	unknown	yes
36	management	married	tertiary	no	0	no	no	telephone	27	aug	645	9	-1	0	unknown	yes
44	management	married	tertiary	no	1138	no	no	cellular	27	aug	523	3	-1	0	unknown	yes
36	technician	divorced	secondary	no	54	yes	no	cellular	27	aug	1642	3	-1	0	unknown	yes
33	management	single	tertiary	no	2637	no	no	cellular	28	aug	583	17	-1	0	unknown	yes
36	technician	married	secondary	no	2473	no	no	cellular	28	aug	965	4	-1	0	unknown	yes
53	blue-collar	married	primary	no	5603	no	no	cellular	28	aug	2372	6	-1	0	unknown	yes
47	admin.	divorced	secondary	no	225	no	no	cellular	28	aug	1126	4	-1	0	unknown	yes
39	management	married	tertiary	no	-17	yes	yes	cellular	28	aug	908	1	-1	0	unknown	yes
35	technician	single	secondary	no	3490	yes	no	cellular	29	aug	643	2	-1	0	unknown	yes
32	management	single	tertiary	no	769	no	no	cellular	29	aug	695	2	-1	0	unknown	yes
46	technician	divorced	secondary	no	-90	no	yes	telephone	17	oct	270	1	-1	0	unknown	yes
30	self-employed	married	tertiary	no	1785	no	no	unknown	17	oct	235	1	-1	0	unknown	yes
36	self-employed	single	tertiary	no	-103	yes	yes	telephone	17	oct	3253	1	-1	0	unknown	yes
47	admin.	divorced	secondary	no	555	yes	yes	telephone	17	oct	478	1	-1	0	unknown	yes
52	technician	married	secondary	no	5303	yes	no	unknown	19	oct	133	1	-1	0	unknown	yes
43	management	married	tertiary	no	1258	no	no	unknown	20	oct	312	1	-1	0	unknown	yes
44	technician	single	secondary	no	1679	no	no	telephone	20	oct	718	1	-1	0	unknown	yes
30	blue-collar	married	secondary	no	1664	yes	no	telephone	20	oct	2016	1	-1	0	unknown	yes
32	admin.	married	secondary	no	8749	yes	yes	unknown	21	oct	294	1	-1	0	unknown	yes
42	admin.	single	secondary	no	-247	yes	yes	telephone	21	oct	519	1	166	1	other	yes
33	services	married	secondary	no	3444	yes	no	telephone	21	oct	144	1	91	4	failure	yes
45	admin.	married	secondary	no	5346	yes	yes	unknown	21	oct	187	1	-1	0	unknown	yes
45	blue-collar	married	secondary	no	1144	yes	no	unknown	22	oct	676	1	-1	0	unknown	yes
28	student	single	secondary	no	2351	no	no	telephone	22	oct	157	1	-1	0	unknown	yes
32	technician	single	tertiary	no	5514	no	no	telephone	22	oct	181	1	-1	0	unknown	yes
28	self-employed	married	secondary	no	123	no	yes	telephone	22	oct	313	1	-1	0	unknown	yes
44	admin.	divorced	primary	no	429	yes	no	telephone	23	oct	80	1	-1	0	unknown	yes
51	entrepreneur	married	tertiary	no	5254	yes	no	unknown	23	oct	134	1	-1	0	unknown	yes
56	technician	married	secondary	no	589	yes	no	unknown	23	oct	518	1	147	2	success	yes
40	technician	divorced	tertiary	no	568	yes	no	unknown	24	oct	112	1	-1	0	unknown	yes
49	admin.	married	secondary	no	10250	yes	no	telephone	24	oct	97	1	-1	0	unknown	yes
50	management	single	tertiary	no	3537	no	no	unknown	24	oct	305	1	-1	0	unknown	yes
58	admin.	divorced	secondary	no	1947	no	no	telephone	26	oct	228	1	-1	0	unknown	yes
37	admin.	married	secondary	no	1967	no	no	telephone	27	oct	376	1	-1	0	unknown	yes
27	entrepreneur	married	secondary	no	2329	no	no	telephone	27	oct	131	1	-1	0	unknown	yes
47	management	divorced	tertiary	no	12026	yes	no	telephone	27	oct	251	1	-1	0	unknown	yes
39	admin.	married	secondary	no	1757	no	no	telephone	28	oct	125	1	-1	0	unknown	yes
43	management	married	secondary	no	107	yes	yes	telephone	28	oct	135	1	-1	0	unknown	yes
34	technician	married	secondary	no	1012	yes	yes	telephone	28	oct	540	1	-1	0	unknown	yes
35	management	divorced	tertiary	no	0	yes	no	telephone	29	oct	171	1	-1	0	unknown	yes
58	management	divorced	tertiary	no	372	no	yes	unknown	29	oct	11	1	-1	0	unknown	yes
35	management	single	tertiary	no	7506	yes	no	unknown	30	oct	248	1	-1	0	unknown	yes
42	technician	divorced	secondary	no	314	yes	no	unknown	30	oct	234	1	-1	0	unknown	yes
43	retired	married	secondary	no	860	no	no	telephone	30	oct	132	1	-1	0	unknown	yes
34	housemaid	married	secondary	no	0	yes	no	unknown	30	oct	154	1	-1	0	unknown	yes
35	blue-collar	single	secondary	no	3623	no	no	telephone	30	oct	160	1	-1	0	unknown	yes
38	admin.	single	secondary	no	2470	no	no	telephone	31	oct	227	1	-1	0	unknown	yes
39	blue-collar	married	secondary	no	1307	yes	no	telephone	31	oct	158	1	-1	0	unknown	yes
58	retired	divorced	tertiary	no	3237	no	no	telephone	31	oct	615	1	-1	0	unknown	yes
60	management	married	tertiary	no	5041	no	no	telephone	4	nov	399	1	-1	0	unknown	yes
56	technician	married	secondary	no	6619	yes	no	telephone	4	nov	465	1	-1	0	unknown	yes
31	management	married	tertiary	no	1331	no	no	unknown	5	nov	268	1	-1	0	unknown	yes
37	services	married	secondary	no	1970	yes	no	telephone	5	nov	253	1	-1	0	unknown	yes
59	retired	divorced	secondary	no	1026	no	no	unknown	5	nov	669	1	-1	0	unknown	yes
49	management	married	secondary	no	249	no	no	telephone	6	nov	234	1	-1	0	unknown	yes
30	management	single	tertiary	no	12857	yes	no	cellular	6	nov	150	1	-1	0	unknown	yes
31	technician	single	tertiary	no	2807	no	no	unknown	8	nov	154	1	-1	0	unknown	yes
40	blue-collar	married	secondary	no	5060	no	no	unknown	9	nov	299	1	-1	0	unknown	yes
43	admin.	married	secondary	no	2271	no	no	telephone	10	nov	524	1	-1	0	unknown	yes
48	management	married	tertiary	no	1	no	no	telephone	10	nov	248	1	-1	0	unknown	yes
34	management	married	tertiary	no	676	no	no	telephone	11	nov	486	1	-1	0	unknown	yes
28	self-employed	single	tertiary	no	160	no	no	unknown	11	nov	158	1	-1	0	unknown	yes
34	admin.	married	tertiary	no	899	yes	no	unknown	12	nov	114	1	170	3	failure	yes
47	blue-collar	married	secondary	no	1230	yes	no	telephone	12	nov	378	1	-1	0	unknown	yes
59	housemaid	married	tertiary	no	0	no	no	telephone	13	nov	494	1	-1	0	unknown	yes
32	blue-collar	single	tertiary	no	700	no	no	unknown	13	nov	90	1	-1	0	unknown	yes
31	entrepreneur	single	secondary	no	0	no	no	telephone	13	nov	160	1	-1	0	unknown	yes
27	student	single	secondary	no	67	no	no	telephone	14	nov	239	1	-1	0	unknown	yes
35	unemployed	single	secondary	no	127	yes	no	telephone	14	nov	162	1	-1	0	unknown	yes
32	blue-collar	married	secondary	no	2089	yes	no	cellular	14	nov	132	1	-1	0	unknown	yes
57	blue-collar	married	unknown	no	3585	no	no	telephone	14	nov	172	1	-1	0	unknown	yes
58	management	married	tertiary	no	4152	yes	no	telephone	14	nov	160	1	-1	0	unknown	yes
30	technician	single	secondary	no	816	yes	no	unknown	14	nov	179	1	-1	0	unknown	yes
37	management	married	secondary	no	5447	yes	yes	cellular	17	nov	1789	1	-1	0	unknown	yes
44	technician	divorced	secondary	no	275	no	no	cellular	17	nov	1077	1	-1	0	unknown	yes
57	blue-collar	married	secondary	no	1540	yes	no	cellular	17	nov	564	1	-1	0	unknown	yes
34	blue-collar	married	secondary	no	751	yes	yes	cellular	17	nov	1303	1	-1	0	unknown	yes
54	unemployed	single	secondary	no	380	no	no	cellular	17	nov	696	2	-1	0	unknown	yes
55	retired	married	secondary	no	1504	yes	yes	cellular	17	nov	761	1	-1	0	unknown	yes
59	management	married	tertiary	no	1783	no	yes	cellular	17	nov	540	2	-1	0	unknown	yes
53	retired	married	tertiary	no	2269	no	no	cellular	17	nov	1091	2	150	1	success	yes
37	technician	married	secondary	no	5115	yes	no	cellular	17	nov	1210	2	171	4	failure	yes
45	entrepreneur	married	secondary	no	781	no	yes	cellular	17	nov	652	2	126	2	failure	yes
49	technician	single	secondary	no	-188	yes	yes	cellular	17	nov	454	1	-1	0	unknown	yes
31	blue-collar	single	tertiary	no	761	no	no	telephone	18	nov	514	2	-1	0	unknown	yes
31	admin.	single	secondary	no	19	yes	no	cellular	18	nov	1978	1	-1	0	unknown	yes
35	technician	married	secondary	no	4508	yes	no	cellular	18	nov	854	1	-1	0	unknown	yes
37	entrepreneur	divorced	tertiary	no	66	no	no	cellular	18	nov	1164	2	-1	0	unknown	yes
48	management	married	tertiary	no	2266	no	no	cellular	18	nov	676	1	-1	0	unknown	yes
39	technician	single	secondary	no	4646	yes	no	cellular	18	nov	486	1	-1	0	unknown	yes
34	management	single	tertiary	no	1494	yes	no	cellular	18	nov	596	1	182	1	other	yes
49	management	married	tertiary	no	1050	yes	no	cellular	18	nov	924	1	-1	0	unknown	yes
41	management	married	tertiary	no	0	yes	no	cellular	18	nov	897	3	-1	0	unknown	yes
46	management	married	secondary	no	0	no	no	cellular	18	nov	1855	1	-1	0	unknown	yes
54	management	divorced	tertiary	no	2171	yes	yes	telephone	18	nov	1034	1	-1	0	unknown	yes
38	technician	married	tertiary	no	3234	no	no	cellular	18	nov	578	2	-1	0	unknown	yes
39	entrepreneur	married	secondary	no	11887	no	no	cellular	18	nov	1181	2	-1	0	unknown	yes
46	management	married	tertiary	no	0	no	no	cellular	18	nov	716	2	110	3	other	yes
58	management	divorced	tertiary	no	5037	yes	no	cellular	18	nov	1437	2	-1	0	unknown	yes
32	self-employed	single	tertiary	no	386	yes	no	cellular	18	nov	482	1	-1	0	unknown	yes
30	admin.	married	secondary	no	8781	yes	no	cellular	18	nov	898	1	-1	0	unknown	yes
51	entrepreneur	married	primary	no	538	no	no	cellular	18	nov	1122	4	-1	0	unknown	yes
30	management	single	tertiary	no	5561	yes	no	cellular	19	nov	511	1	-1	0	unknown	yes
35	management	divorced	tertiary	no	859	yes	yes	cellular	19	nov	1554	1	-1	0	unknown	yes
30	services	single	primary	no	0	yes	yes	cellular	19	nov	686	1	-1	0	unknown	yes
30	self-employed	single	secondary	no	-617	no	yes	cellular	19	nov	925	1	-1	0	unknown	yes
43	management	married	tertiary	no	1429	yes	no	cellular	19	nov	1015	1	198	2	other	yes
47	management	married	unknown	no	4189	yes	no	cellular	19	nov	489	3	-1	0	unknown	yes
51	retired	married	tertiary	no	580	no	no	cellular	19	nov	694	2	-1	0	unknown	yes
32	services	single	secondary	no	2615	no	no	cellular	19	nov	853	1	-1	0	unknown	yes
53	unemployed	divorced	secondary	no	587	no	no	cellular	19	nov	561	1	-1	0	unknown	yes
33	technician	single	tertiary	no	149	yes	no	cellular	19	nov	424	2	182	1	other	yes
40	blue-collar	single	secondary	no	3	no	no	cellular	19	nov	998	1	-1	0	unknown	yes
42	blue-collar	married	primary	no	807	yes	no	cellular	19	nov	1057	1	-1	0	unknown	yes
46	unemployed	divorced	secondary	no	3354	yes	no	cellular	19	nov	522	1	174	1	success	yes
32	self-employed	single	tertiary	no	1249	yes	no	cellular	19	nov	472	1	-1	0	unknown	yes
38	blue-collar	married	primary	no	190	yes	no	telephone	19	nov	623	1	175	1	other	yes
32	technician	single	tertiary	no	550	no	no	cellular	19	nov	337	1	-1	0	unknown	yes
30	entrepreneur	married	secondary	no	12737	no	yes	cellular	19	nov	589	2	-1	0	unknown	yes
35	technician	married	secondary	no	0	yes	no	cellular	19	nov	644	4	-1	0	unknown	yes
36	admin.	married	secondary	no	1207	yes	no	cellular	19	nov	1792	2	-1	0	unknown	yes
43	self-employed	divorced	secondary	no	347	no	no	cellular	19	nov	1468	3	-1	0	unknown	yes
42	management	married	tertiary	no	3713	no	no	cellular	19	nov	709	2	-1	0	unknown	yes
40	management	married	tertiary	no	3352	yes	no	cellular	19	nov	639	2	27	1	success	yes
32	blue-collar	married	secondary	no	254	yes	no	cellular	19	nov	1720	3	-1	0	unknown	yes
32	technician	married	tertiary	no	4654	yes	yes	cellular	20	nov	276	1	128	2	failure	yes
41	blue-collar	single	secondary	yes	-386	no	yes	cellular	20	nov	477	1	-1	0	unknown	yes
34	blue-collar	single	secondary	no	3043	yes	yes	cellular	20	nov	670	1	-1	0	unknown	yes
40	services	single	secondary	no	1547	yes	no	cellular	20	nov	405	1	-1	0	unknown	yes
32	services	single	tertiary	no	945	no	no	cellular	20	nov	531	1	-1	0	unknown	yes
32	technician	single	secondary	no	6402	yes	no	cellular	20	nov	628	1	-1	0	unknown	yes
36	self-employed	single	secondary	no	1295	no	no	cellular	20	nov	1192	1	-1	0	unknown	yes
45	technician	married	secondary	no	6993	yes	no	cellular	20	nov	283	1	-1	0	unknown	yes
47	self-employed	married	secondary	no	4420	yes	yes	cellular	20	nov	454	1	-1	0	unknown	yes
35	management	divorced	tertiary	no	141	no	yes	cellular	20	nov	728	1	-1	0	unknown	yes
36	services	married	secondary	no	11462	yes	no	cellular	20	nov	993	1	-1	0	unknown	yes
33	technician	married	tertiary	no	6843	no	no	cellular	20	nov	755	1	100	10	other	yes
30	blue-collar	married	secondary	no	501	yes	yes	cellular	20	nov	994	1	177	1	failure	yes
32	services	single	secondary	no	5806	yes	no	cellular	20	nov	1503	2	-1	0	unknown	yes
45	entrepreneur	married	tertiary	no	20138	yes	no	cellular	20	nov	871	5	-1	0	unknown	yes
47	services	married	secondary	no	1315	no	no	cellular	20	nov	329	4	-1	0	unknown	yes
46	technician	married	tertiary	no	0	no	no	cellular	20	nov	531	1	167	1	failure	yes
39	unemployed	single	tertiary	no	7	yes	no	cellular	20	nov	931	4	-1	0	unknown	yes
30	services	married	secondary	no	3929	yes	no	cellular	20	nov	593	1	-1	0	unknown	yes
45	self-employed	married	secondary	no	7	no	no	cellular	20	nov	691	1	-1	0	unknown	yes
43	blue-collar	married	secondary	no	699	yes	yes	cellular	20	nov	1258	2	122	2	other	yes
53	blue-collar	married	primary	no	421	yes	no	cellular	20	nov	677	1	-1	0	unknown	yes
43	technician	married	tertiary	no	4333	yes	no	cellular	20	nov	1490	3	-1	0	unknown	yes
54	management	divorced	secondary	no	300	yes	no	cellular	20	nov	562	2	-1	0	unknown	yes
30	blue-collar	single	secondary	no	7773	yes	no	cellular	20	nov	705	1	-1	0	unknown	yes
30	admin.	married	secondary	no	1794	no	no	cellular	20	nov	1035	1	-1	0	unknown	yes
36	management	single	tertiary	no	2032	no	yes	cellular	20	nov	736	1	-1	0	unknown	yes
33	management	married	tertiary	no	3401	no	no	cellular	20	nov	253	1	-1	0	unknown	yes
38	entrepreneur	married	tertiary	no	1110	yes	no	cellular	20	nov	888	2	183	2	failure	yes
37	technician	divorced	secondary	no	3068	yes	yes	cellular	20	nov	370	2	195	1	other	yes
32	services	married	secondary	no	983	yes	no	cellular	20	nov	500	2	133	1	failure	yes
59	technician	divorced	secondary	no	2396	no	no	cellular	20	nov	488	1	-1	0	unknown	yes
59	retired	married	secondary	no	6888	no	no	telephone	20	nov	1025	2	-1	0	unknown	yes
46	admin.	divorced	secondary	no	2087	no	no	cellular	20	nov	768	3	-1	0	unknown	yes
32	blue-collar	single	primary	no	121	yes	no	cellular	20	nov	758	1	-1	0	unknown	yes
52	entrepreneur	single	tertiary	no	3469	yes	no	cellular	20	nov	653	1	-1	0	unknown	yes
45	blue-collar	married	primary	no	5461	yes	no	cellular	20	nov	841	2	-1	0	unknown	yes
52	blue-collar	married	secondary	no	7119	no	yes	telephone	20	nov	871	3	-1	0	unknown	yes
31	blue-collar	married	tertiary	no	-35	no	no	cellular	20	nov	952	2	-1	0	unknown	yes
